key_kind,source_industry,destination_industry,commodity,row_code,share
C2,,,,541100,-0.23647607536881923
C2,,,,541800,0.342109886182683
C2,,,,561300,0.26692645820266975
C2,,,,V00100,-3.9807730773095926
C2,,,,V00300,1.4149620794206195
C3,221100,233240,,1111B0,-2.6020629501180798e-05
C3,221100,233240,,111300,-2.017103062107039e-07
C3,221100,233240,,111400,-7.328876174988618e-08
C3,221100,233240,,111900,-7.261571023585339e-06
C3,221100,233240,,112120,-1.6136824496856311e-06
C3,221100,233240,,1121A0,-5.284810022720442e-05
C3,221100,233240,,112300,-1.2102618372642233e-06
C3,221100,233240,,112A00,-0.00011396632300904769
C3,221100,233240,,113000,-4.437626736635486e-06
C3,221100,233240,,114000,-4.0342061242140775e-06
C3,221100,233240,,115000,-4.941902502162245e-05
C3,221100,233240,,211000,-0.010293364408092233
C3,221100,233240,,212100,0.0011183678525509807
C3,221100,233240,,212230,-3.0054835625394875e-05
C3,221100,233240,,2122A0,-2.9853125319184175e-05
C3,221100,233240,,212310,-0.0002519419161141172
C3,221100,233240,,2123A0,-0.0016540788135096134
C3,221100,233240,,21311A,-4.437626736635486e-06
C3,221100,233240,,221100,0.038800258339836725
C3,221100,233240,,221200,-0.0030648649017983526
C3,221100,233240,,221300,-0.00446700596588429
C3,221100,233240,,230301,-0.0024582841040318463
C3,221100,233240,,321100,-1.3465911595813581e-05
C3,221100,233240,,321200,-3.2411065421993657e-06
C3,221100,233240,,321910,-3.9857438509327335e-05
C3,221100,233240,,3219A0,0.0004652297052786815
C3,221100,233240,,327100,-2.8398302539591623e-05
C3,221100,233240,,327200,-0.00013083216958808852
C3,221100,233240,,327310,-4.191818057730571e-06
C3,221100,233240,,327320,-0.00012889751832922708
C3,221100,233240,,327330,-1.2393066186830395e-05
C3,221100,233240,,327390,-0.00016382747657323198
C3,221100,233240,,327400,-2.3388775058400032e-05
C3,221100,233240,,327910,-1.4092554860594494e-05
C3,221100,233240,,327991,-9.278674085692379e-06
C3,221100,233240,,327993,-4.0342061242140775e-06
C3,221100,233240,,327999,-3.429075205581966e-06
C3,221100,233240,,331110,-3.065996654402699e-05
C3,221100,233240,,331313,-4.437626736635486e-06
C3,221100,233240,,331410,-1.7548796640331236e-05
C3,221100,233240,,331420,-1.8332207051429405e-06
C3,221100,233240,,331490,-1.3123428822951257e-05
C3,221100,233240,,331520,-8.068412248428156e-07
C3,221100,233240,,332114,-4.580547609367886e-09
C3,221100,233240,,33211A,-8.875253473270971e-06
C3,221100,233240,,332119,-0.0007420549177918359
C3,221100,233240,,332200,-0.0004180455997563402
C3,221100,233240,,332310,-0.012817706413634923
C3,221100,233240,,332320,-0.00011871302896061548
C3,221100,233240,,332410,-4.841047349056893e-06
C3,221100,233240,,332430,-4.961349788590672e-05
C3,221100,233240,,332500,-0.00020097270673580616
C3,221100,233240,,332600,-1.5655584741776618e-05
C3,221100,233240,,332710,-0.00021570257690144238
C3,221100,233240,,332720,-2.2828456708961037e-05
C3,221100,233240,,332800,-7.593825945394615e-05
C3,221100,233240,,332913,-1.2668231466189502e-05
C3,221100,233240,,33291A,-0.0008488881556422806
C3,221100,233240,,332991,-2.5179052908864888e-05
C3,221100,233240,,332996,-1.2148423848735913e-06
C3,221100,233240,,332999,-0.0004717334680493546
C3,221100,233240,,333111,-9.682094698113786e-06
C3,221100,233240,,333112,-1.691114252161067e-05
C3,221100,233240,,333120,-7.261571023585339e-06
C3,221100,233240,,333130,-8.068412248428156e-07
C3,221100,233240,,333242,-1.9767610008648983e-05
C3,221100,233240,,33329A,-0.0011299098969517675
C3,221100,233240,,333318,-8.723647682369133e-06
C3,221100,233240,,333414,-4.437626736635486e-06
C3,221100,233240,,333415,-0.0010535420804786936
C3,221100,233240,,333413,-5.647888573899708e-06
C3,221100,233240,,333511,-1.0690646229167306e-05
C3,221100,233240,,33351B,-4.5860775749332425e-06
C3,221100,233240,,333611,0.0004269021013223049
C3,221100,233240,,333612,-0.0007271509411587892
C3,221100,233240,,333613,-9.883805004324492e-06
C3,221100,233240,,333618,-0.0004138292197872025
C3,221100,233240,,333912,-1.1278409464062868e-05
C3,221100,233240,,333914,-0.00014176090800002385
C3,221100,233240,,333920,-0.00020420402569449106
C3,221100,233240,,333991,-2.017103062107039e-07
C3,221100,233240,,33399A,8.939647004046912e-06
C3,221100,233240,,33399B,-2.0171030621070387e-06
C3,221100,233240,,334111,-2.231602955902513e-06
C3,221100,233240,,334118,-0.00037302426408146374
C3,221100,233240,,334220,-3.310844949543119e-05
C3,221100,233240,,334290,-2.0211893685255405e-06
C3,221100,233240,,334413,6.377887794893452e-05
C3,221100,233240,,334418,-0.0004070313690763331
C3,221100,233240,,33441A,-0.0009441831417278063
C3,221100,233240,,334512,-8.068412248428156e-07
C3,221100,233240,,334513,-0.00012868159313233492
C3,221100,233240,,334514,-0.0002700385483721334
C3,221100,233240,,334516,-4.0342061242140775e-06
C3,221100,233240,,334517,-6.051309186321116e-07
C3,221100,233240,,33451A,-8.471832860849562e-06
C3,221100,233240,,334300,-5.4162233652073906e-05
C3,221100,233240,,334610,-8.148205039286365e-06
C3,221100,233240,,335110,-7.912773963111589e-06
C3,221100,233240,,335120,-0.0001356426777473246
C3,221100,233240,,335220,-9.161095218735772e-08
C3,221100,233240,,335312,-3.733973059219605e-05
C3,221100,233240,,335313,-1.438626638147868e-05
C3,221100,233240,,335314,1.7908749173853232e-06
C3,221100,233240,,335911,-0.00011008538610270089
C3,221100,233240,,335920,-6.629675440314757e-06
C3,221100,233240,,335930,-7.266151571194707e-06
C3,221100,233240,,335991,-6.656440104953229e-06
C3,221100,233240,,335999,-2.0171030621070387e-06
C3,221100,233240,,336214,-1.2102618372642233e-06
C3,221100,233240,,336310,-0.0007113116937430545
C3,221100,233240,,336320,-0.001382852984132035
C3,221100,233240,,336350,-0.0022975763371231046
C3,221100,233240,,336370,-5.0024155940254566e-05
C3,221100,233240,,336390,-0.001796488718262601
C3,221100,233240,,3363A0,-0.00044119344507302335
C3,221100,233240,,336412,-4.437626736635486e-06
C3,221100,233240,,336992,-0.0003574306626053673
C3,221100,233240,,336999,-2.6222339807391503e-06
C3,221100,233240,,337110,-4.109813847222382e-05
C3,221100,233240,,337215,-2.6161532023780177e-05
C3,221100,233240,,339112,-8.068412248428156e-07
C3,221100,233240,,339113,-6.858150411163932e-06
C3,221100,233240,,339920,-5.541369638073816e-06
C3,221100,233240,,339940,-2.0761786645664884e-05
C3,221100,233240,,339950,-5.541369638073816e-06
C3,221100,233240,,339990,-0.00016569679095435226
C3,221100,233240,,311119,-4.316600552909063e-05
C3,221100,233240,,311221,-3.2273648993712622e-06
C3,221100,233240,,311300,-4.034206124214078e-07
C3,221100,233240,,311410,-2.218813368317743e-06
C3,221100,233240,,311420,-1.6136824496856311e-06
C3,221100,233240,,311513,-3.470300134066277e-06
C3,221100,233240,,311514,-6.051309186321116e-07
C3,221100,233240,,31151A,-2.017103062107039e-07
C3,221100,233240,,311520,-2.218813368317743e-06
C3,221100,233240,,311615,-6.4547297987425244e-06
C3,221100,233240,,31161A,-0.00010047921577858674
C3,221100,233240,,311700,-5.042757655267597e-06
C3,221100,233240,,311810,-4.580547609367886e-09
C3,221100,233240,,3118A0,-1.6136824496856311e-06
C3,221100,233240,,311910,-1.433517338378808e-05
C3,221100,233240,,311920,-4.580547609367886e-09
C3,221100,233240,,311930,-6.696782166195368e-05
C3,221100,233240,,311940,-2.0171030621070387e-06
C3,221100,233240,,311990,-9.883805004324492e-06
C3,221100,233240,,312110,-6.055889733930485e-06
C3,221100,233240,,312120,-1.8322190437471544e-08
C3,221100,233240,,312130,-1.4321431740959975e-05
C3,221100,233240,,312140,-9.272014928989134e-05
C3,221100,233240,,313200,-6.656440104953229e-06
C3,221100,233240,,313300,-3.151503304439213e-05
C3,221100,233240,,314900,-0.0002717617128717229
C3,221100,233240,,315000,-3.832495818003374e-06
C3,221100,233240,,316000,-1.3862585190403271e-05
C3,221100,233240,,322110,-4.034206124214078e-07
C3,221100,233240,,322120,-0.0002382309602382685
C3,221100,233240,,322130,-0.00016756623810914768
C3,221100,233240,,322210,-0.0009373210460205095
C3,221100,233240,,322220,-0.0007068914789381588
C3,221100,233240,,322230,-4.4251242431597726e-05
C3,221100,233240,,322299,-5.256547345483127e-05
C3,221100,233240,,323110,-0.0019567335218401245
C3,221100,233240,,323120,-1.2102618372642233e-06
C3,221100,233240,,324110,-0.007661005048870604
C3,221100,233240,,324121,-8.114217724521834e-07
C3,221100,233240,,324190,-0.00023004162975951437
C3,221100,233240,,325110,8.791955849420952e-05
C3,221100,233240,,325120,-0.002629715492457123
C3,221100,233240,,325130,-8.875253473270971e-06
C3,221100,233240,,325180,-0.0016817497465759128
C3,221100,233240,,325190,-0.000557006653800417
C3,221100,233240,,3252A0,-6.253019492531821e-06
C3,221100,233240,,325411,-2.4205236745284466e-06
C3,221100,233240,,325412,-5.8495988801104125e-06
C3,221100,233240,,325414,-0.0006290177706327704
C3,221100,233240,,325310,-8.458173316623533e-05
C3,221100,233240,,325320,-3.6307855117926696e-06
C3,221100,233240,,325510,-0.0002490108706709312
C3,221100,233240,,325520,-2.8700001141895992e-05
C3,221100,233240,,325610,-0.00014343363695809949
C3,221100,233240,,325620,-4.457797767256555e-05
C3,221100,233240,,325910,-0.00021837637808864738
C3,221100,233240,,3259A0,-0.00042617050388197404
C3,221100,233240,,326110,-0.0014386368497606027
C3,221100,233240,,326120,-7.652090551225569e-05
C3,221100,233240,,326130,-2.0171030621070387e-06
C3,221100,233240,,326140,-0.0002220617018622014
C3,221100,233240,,326150,-0.00024987191687975
C3,221100,233240,,326160,-3.334614846268999e-06
C3,221100,233240,,326190,-0.002770188112434196
C3,221100,233240,,326210,-0.0001089820981958888
C3,221100,233240,,326220,4.79201167203487e-06
C3,221100,233240,,326290,-0.00014402115863444256
C3,221100,233240,,423100,-0.0013297688702836358
C3,221100,233240,,423400,-0.0023723644286010094
C3,221100,233240,,423600,-0.002744017529406719
C3,221100,233240,,423800,-0.0047484053782584955
C3,221100,233240,,423A00,-0.0039531194982097275
C3,221100,233240,,424200,0.0009402667618161417
C3,221100,233240,,424400,-0.0015013034977077349
C3,221100,233240,,424700,-0.0030513211908017313
C3,221100,233240,,424A00,-0.002942469470894881
C3,221100,233240,,425000,0.009282708055363105
C3,221100,233240,,441000,-0.00037516843475904875
C3,221100,233240,,445000,2.304545192520709e-05
C3,221100,233240,,452000,1.2556616237757522e-05
C3,221100,233240,,444000,-0.0003437248831930717
C3,221100,233240,,447000,0.0009178997435238095
C3,221100,233240,,454000,-0.0003095365903762265
C3,221100,233240,,4B0000,-0.00013366698424948156
C3,221100,233240,,481000,0.0004895130763384126
C3,221100,233240,,482000,-0.0030421791197880518
C3,221100,233240,,483000,-0.0005377399206035179
C3,221100,233240,,484000,-0.005973853106279448
C3,221100,233240,,485000,-0.0016983599610227822
C3,221100,233240,,486000,-0.003606896438827027
C3,221100,233240,,48A000,-0.0134992964629011
C3,221100,233240,,492000,0.0004309634181363892
C3,221100,233240,,493000,0.10123029374756325
C3,221100,233240,,511110,0.00010227916359240979
C3,221100,233240,,511120,-0.000106581832003926
C3,221100,233240,,511130,-5.4933643260266265e-05
C3,221100,233240,,5111A0,-0.00010630232644408633
C3,221100,233240,,511200,-0.002179081879721087
C3,221100,233240,,512100,-0.00016477230589091008
C3,221100,233240,,512200,-4.580547609367886e-09
C3,221100,233240,,517110,-0.006760398247381892
C3,221100,233240,,517210,-0.004276679818766602
C3,221100,233240,,517A00,-0.0013897741083688632
C3,221100,233240,,518200,-0.000959219448776259
C3,221100,233240,,519130,-0.000299564825174424
C3,221100,233240,,5191A0,-5.851921923220032e-05
C3,221100,233240,,522A00,0.0037360788999226545
C3,221100,233240,,52A000,-0.017136085355082497
C3,221100,233240,,523900,-0.00036504549794905356
C3,221100,233240,,523A00,-0.000955744471275728
C3,221100,233240,,5241XX,-0.0008867173787946477
C3,221100,233240,,524200,-0.007106558707919999
C3,221100,233240,,531ORE,-0.04310535013603958
C3,221100,233240,,532100,-0.0014857644752892321
C3,221100,233240,,532400,-0.0006759283953306244
C3,221100,233240,,532A00,-0.00032889015149256776
C3,221100,233240,,533000,0.0009734463469633854
C3,221100,233240,,541100,0.010032304556511879
C3,221100,233240,,541512,-0.0014664274000495217
C3,221100,233240,,54151A,-0.00276282960664028
C3,221100,233240,,541200,-0.010101198003919107
C3,221100,233240,,541300,0.011141229428480717
C3,221100,233240,,541610,-0.0039518841942329345
C3,221100,233240,,5416A0,-0.004996046766215824
C3,221100,233240,,541700,-0.0013048977252900597
C3,221100,233240,,541800,-0.0030543959471523888
C3,221100,233240,,541400,0.0005193430558553005
C3,221100,233240,,541920,-0.000293506461196121
C3,221100,233240,,541940,-2.723089133844502e-05
C3,221100,233240,,5419A0,-0.003309027275689191
C3,221100,233240,,550000,0.008226333811230106
C3,221100,233240,,561300,-0.023358497127346178
C3,221100,233240,,561700,-0.00161767066433265
C3,221100,233240,,561100,-0.0024298816508299035
C3,221100,233240,,561200,-0.0014280548704442163
C3,221100,233240,,561400,-0.0022031112793275826
C3,221100,233240,,561500,-0.0011629552495597707
C3,221100,233240,,561600,-0.007382955214724571
C3,221100,233240,,561900,-0.0021501405071113542
C3,221100,233240,,562000,-0.002775802702232223
C3,221100,233240,,611A00,0.0014188700253296121
C3,221100,233240,,611B00,-0.0005486184703585588
C3,221100,233240,,711100,-0.00020442544108868467
C3,221100,233240,,711200,-0.00016371165124856598
C3,221100,233240,,711500,-0.0015443445796237793
C3,221100,233240,,711A00,-0.0003157332479444586
C3,221100,233240,,713900,-0.0003306786502136518
C3,221100,233240,,721000,-0.0018589556190165358
C3,221100,233240,,722110,-0.0006369115940254348
C3,221100,233240,,722211,0.00045129476157191147
C3,221100,233240,,722A00,-0.000419800860253511
C3,221100,233240,,811100,-0.0010151636524844594
C3,221100,233240,,811200,-0.005448577737270076
C3,221100,233240,,811300,-0.000562195390190426
C3,221100,233240,,811400,-0.002800760266581912
C3,221100,233240,,812300,-0.00048202339085192655
C3,221100,233240,,812900,-0.0009014273820358086
C3,221100,233240,,813B00,-0.0010167179518672724
C3,221100,233240,,491000,-0.002921133049179458
C3,221100,233240,,S00203,-0.006576181779422375
C3,221100,233240,,S00402,-0.022671106914213767
C3,221100,233240,,S00300,-0.005204565291786373
C3,221100,233240,,V00100,0.6374858355639796
C3,221100,233240,,V00200,-0.16045282103899725
C3,221100,233240,,V00300,0.6818212367049364
C3,441000,811100,,111400,4.442011836852868e-05
C3,441000,811100,,111900,1.3557027636754007e-07
C3,441000,811100,,211000,3.2842971067304025e-07
C3,441000,811100,,212100,-8.051693435088555e-06
C3,441000,811100,,212230,-1.1272536729671445e-05
C3,441000,811100,,212310,4.112298383148715e-06
C3,441000,811100,,2123A0,1.664501726512575e-06
C3,441000,811100,,221100,-0.0011859726676894933
C3,441000,811100,,221200,-4.6170496381157966e-05
C3,441000,811100,,221300,-0.0001730889633243452
C3,441000,811100,,230301,-0.00033893303449340783
C3,441000,811100,,321100,1.3903412665433248e-05
C3,441000,811100,,321200,1.3579034804935025e-05
C3,441000,811100,,321910,8.102254562313879e-06
C3,441000,811100,,3219A0,6.562035308350943e-07
C3,441000,811100,,327100,7.72665119146873e-06
C3,441000,811100,,327200,-0.0003869541949324123
C3,441000,811100,,327310,4.782618082965997e-07
C3,441000,811100,,327320,-1.4691299745338124e-05
C3,441000,811100,,327330,4.555751599473709e-06
C3,441000,811100,,327390,1.65880538408084e-05
C3,441000,811100,,327400,1.2541017035778543e-06
C3,441000,811100,,327910,2.4592832822076284e-05
C3,441000,811100,,327991,1.6946284545942507e-06
C3,441000,811100,,327993,7.230414739602136e-07
C3,441000,811100,,327999,3.577548959698974e-07
C3,441000,811100,,331110,6.000017732651214e-06
C3,441000,811100,,331200,1.0911048100458314e-06
C3,441000,811100,,331313,1.2323553692240878e-07
C3,441000,811100,,33131B,4.1424251112303914e-08
C3,441000,811100,,331410,9.492547883600321e-05
C3,441000,811100,,331420,4.926811560356949e-07
C3,441000,811100,,331490,6.284559634509919e-06
C3,441000,811100,,331510,3.737553289813911e-08
C3,441000,811100,,331520,3.0667452344505607e-06
C3,441000,811100,,332114,2.3348214263298567e-07
C3,441000,811100,,33211A,1.5992686532243705e-06
C3,441000,811100,,332119,1.594540261919125e-05
C3,441000,811100,,332200,2.1777011186980546e-06
C3,441000,811100,,332310,1.641264490062312e-05
C3,441000,811100,,332320,2.423746754387138e-05
C3,441000,811100,,332410,1.4310195838795896e-06
C3,441000,811100,,332420,5.121543773884847e-07
C3,441000,811100,,332430,8.58814372731104e-07
C3,441000,811100,,332500,-0.00017659708760887606
C3,441000,811100,,332600,-0.000230641406145436
C3,441000,811100,,332710,-0.0001116047315005232
C3,441000,811100,,332720,-0.00011915425965139387
C3,441000,811100,,332800,-0.00015603551765491764
C3,441000,811100,,332913,2.346254396521511e-06
C3,441000,811100,,33291A,-8.772120573226564e-05
C3,441000,811100,,332991,-2.0944896991355787e-06
C3,441000,811100,,332996,1.125656767747655e-06
C3,441000,811100,,33299A,0.00025285338820249385
C3,441000,811100,,332999,-7.370010388955785e-08
C3,441000,811100,,333111,7.842261440516921e-08
C3,441000,811100,,333112,3.9530919528575817e-05
C3,441000,811100,,333120,3.765841010209446e-08
C3,441000,811100,,333316,8.717094580153756e-08
C3,441000,811100,,333318,-1.1017738555102305e-05
C3,441000,811100,,333414,1.510102245093988e-06
C3,441000,811100,,333415,3.7764822556611976e-06
C3,441000,811100,,333413,1.5612151933719778e-06
C3,441000,811100,,33351B,-2.481526548839898e-05
C3,441000,811100,,333612,7.551633404024111e-06
C3,441000,811100,,333618,-0.0015518880173558066
C3,441000,811100,,333912,-1.4967578527276753e-05
C3,441000,811100,,333914,3.6911432515167862e-06
C3,441000,811100,,333920,-0.00010094148222438771
C3,441000,811100,,333991,7.531682020418891e-09
C3,441000,811100,,33399A,2.124914652076709e-05
C3,441000,811100,,33399B,1.370181368358822e-06
C3,441000,811100,,334111,2.6117041100207896e-10
C3,441000,811100,,334112,2.8119659935979857e-09
C3,441000,811100,,334118,1.3064036057328966e-05
C3,441000,811100,,334210,1.882920505104723e-08
C3,441000,811100,,334220,-7.04460346297382e-05
C3,441000,811100,,334290,6.447645767731348e-07
C3,441000,811100,,334413,-0.00022322334511324464
C3,441000,811100,,334418,-8.230818704416705e-05
C3,441000,811100,,33441A,-0.0003207230748742988
C3,441000,811100,,334511,3.2021896790621417e-06
C3,441000,811100,,334512,2.4094573377985692e-06
C3,441000,811100,,334513,-5.170519561397802e-06
C3,441000,811100,,334514,-1.2504597261191251e-05
C3,441000,811100,,33451A,3.0495504940900783e-06
C3,441000,811100,,334300,8.622296765543764e-06
C3,441000,811100,,334610,1.4887989085250136e-07
C3,441000,811100,,335110,-3.8929532447801555e-06
C3,441000,811100,,335120,4.854589880315498e-06
C3,441000,811100,,335210,3.936819352498828e-06
C3,441000,811100,,335220,0.0003555790481191791
C3,441000,811100,,335311,1.5063364040837782e-08
C3,441000,811100,,335312,-0.00037155174275968266
C3,441000,811100,,335313,1.948927555623512e-06
C3,441000,811100,,335314,4.005936033517221e-07
C3,441000,811100,,335911,-0.00013650549327119842
C3,441000,811100,,335920,-5.610837348519835e-06
C3,441000,811100,,335930,1.6770109710667983e-05
C3,441000,811100,,335991,1.755694295980984e-09
C3,441000,811100,,335999,-2.6493338735472264e-05
C3,441000,811100,,336120,-6.202115565195698e-05
C3,441000,811100,,336211,-5.9292222931160884e-05
C3,441000,811100,,336310,0.07007724228798777
C3,441000,811100,,336320,0.018735552712223904
C3,441000,811100,,336350,-0.0015199465395029548
C3,441000,811100,,336360,-6.437832644989876e-05
C3,441000,811100,,336370,-0.0001480518984018386
C3,441000,811100,,336390,-0.0014068827988873993
C3,441000,811100,,3363A0,-0.005795288111381958
C3,441000,811100,,336991,8.851974139680594e-05
C3,441000,811100,,337110,1.1236855144608222e-05
C3,441000,811100,,337127,1.0167770727565504e-07
C3,441000,811100,,337215,7.46300248014194e-05
C3,441000,811100,,33721A,4.41356566396547e-06
C3,441000,811100,,339115,4.481292251723955e-08
C3,441000,811100,,339910,3.3211222243318717e-05
C3,441000,811100,,339920,1.1495039873556407e-06
C3,441000,811100,,339940,1.6248540525767483e-08
C3,441000,811100,,339950,3.502232139494785e-07
C3,441000,811100,,339990,3.242045326938481e-05
C3,441000,811100,,311224,1.3544716102604207e-10
C3,441000,811100,,311513,1.3409268941578165e-08
C3,441000,811100,,31161A,8.53317114464065e-09
C3,441000,811100,,311810,2.302601737442715e-09
C3,441000,811100,,311910,5.011544957963556e-09
C3,441000,811100,,311920,1.4899187712864628e-09
C3,441000,811100,,312110,1.760813093338547e-09
C3,441000,811100,,312120,8.237832199031214e-08
C3,441000,811100,,312130,2.7089432205208413e-10
C3,441000,811100,,313100,6.984900226588227e-07
C3,441000,811100,,313200,2.240351529056876e-06
C3,441000,811100,,313300,7.727770514699264e-06
C3,441000,811100,,314110,-2.8867928257721906e-06
C3,441000,811100,,314900,1.0015050945649243e-05
C3,441000,811100,,315000,2.6300230569077945e-05
C3,441000,811100,,316000,-7.150629806594541e-05
C3,441000,811100,,322120,-1.6593353229030974e-05
C3,441000,811100,,322130,-3.220840938207552e-06
C3,441000,811100,,322210,2.4298532220808356e-05
C3,441000,811100,,322220,1.921581264282124e-05
C3,441000,811100,,322230,-7.359283159275357e-07
C3,441000,811100,,322299,1.9700448654305123e-06
C3,441000,811100,,323110,-9.677229281234309e-05
C3,441000,811100,,324110,-0.0003930298136447149
C3,441000,811100,,324121,1.0017137087157126e-06
C3,441000,811100,,324122,2.7340005734120577e-06
C3,441000,811100,,324190,-0.0003654210341934264
C3,441000,811100,,325110,2.5903570774869083e-06
C3,441000,811100,,325120,7.961526153158993e-06
C3,441000,811100,,325130,3.434489098326759e-06
C3,441000,811100,,325180,3.6754676443732816e-06
C3,441000,811100,,325190,4.130983077447757e-05
C3,441000,811100,,325211,1.7020723152235828e-06
C3,441000,811100,,325310,1.1787082361955565e-06
C3,441000,811100,,325510,-0.00011101701578395314
C3,441000,811100,,325520,-2.884668469355397e-06
C3,441000,811100,,325610,-0.00014660206446455418
C3,441000,811100,,3259A0,-7.089306293507489e-05
C3,441000,811100,,326110,4.259558392475567e-05
C3,441000,811100,,326120,1.5749630949652006e-05
C3,441000,811100,,326130,3.8450465802493805e-05
C3,441000,811100,,326140,1.3724573024204063e-05
C3,441000,811100,,326150,3.4074427769179134e-05
C3,441000,811100,,326160,1.3232120056903966e-06
C3,441000,811100,,326190,0.003824570958795388
C3,441000,811100,,326210,-2.1641912000811024e-05
C3,441000,811100,,326220,-8.481935956148302e-05
C3,441000,811100,,326290,-0.0007779791206611648
C3,441000,811100,,423100,0.011344347558044858
C3,441000,811100,,423400,1.1562834197108155e-05
C3,441000,811100,,423600,-0.00011242765312211707
C3,441000,811100,,423800,0.0003601587591128538
C3,441000,811100,,423A00,0.00021142794054632524
C3,441000,811100,,424200,5.723625615054421e-05
C3,441000,811100,,424400,7.292274602130607e-05
C3,441000,811100,,424700,-0.0001092300133723115
C3,441000,811100,,424A00,0.00019134824229885805
C3,441000,811100,,425000,0.00014107604837598702
C3,441000,811100,,441000,0.019506407666833425
C3,441000,811100,,445000,0.00011905039361392717
C3,441000,811100,,452000,0.0012488440019198382
C3,441000,811100,,444000,0.004465230964510439
C3,441000,811100,,446000,-3.6110282301685197e-06
C3,441000,811100,,447000,0.00020047381355834756
C3,441000,811100,,454000,0.00278040515625813
C3,441000,811100,,4B0000,0.0006791201647508717
C3,441000,811100,,481000,-5.029379981128753e-05
C3,441000,811100,,482000,0.00018434585214540728
C3,441000,811100,,483000,-1.5752230275400904e-05
C3,441000,811100,,484000,0.0006371179812584013
C3,441000,811100,,485000,5.654179080338062e-06
C3,441000,811100,,486000,-1.3563977550754168e-05
C3,441000,811100,,48A000,9.109989821399522e-06
C3,441000,811100,,492000,-1.9015971356097733e-06
C3,441000,811100,,493000,0.00047890769941384605
C3,441000,811100,,511120,-3.206470183554042e-06
C3,441000,811100,,511130,-2.6674597758307692e-06
C3,441000,811100,,5111A0,2.4484705601135772e-06
C3,441000,811100,,511200,-8.354189183941616e-06
C3,441000,811100,,512100,1.2086402353277641e-05
C3,441000,811100,,512200,2.0938342185533494e-05
C3,441000,811100,,517110,-0.00021275884384712186
C3,441000,811100,,517210,-0.00030472383587352514
C3,441000,811100,,517A00,-4.925980613635556e-05
C3,441000,811100,,518200,-7.824246800941674e-06
C3,441000,811100,,519130,-1.8898702935335164e-05
C3,441000,811100,,5191A0,-2.601808429245427e-06
C3,441000,811100,,522A00,1.5686398745708133e-05
C3,441000,811100,,52A000,1.0908632158034705e-05
C3,441000,811100,,523900,1.8145674501572964e-06
C3,441000,811100,,523A00,-4.592993187359788e-06
C3,441000,811100,,5241XX,-0.00037973493746103253
C3,441000,811100,,524200,4.424345425485914e-05
C3,441000,811100,,531ORE,0.06043577869642739
C3,441000,811100,,532100,-0.00017588324736631964
C3,441000,811100,,532400,-0.00010374244307463475
C3,441000,811100,,532A00,-1.5107601581688803e-05
C3,441000,811100,,533000,-1.903256387012243e-05
C3,441000,811100,,541100,-0.0004177143441755175
C3,441000,811100,,541512,-0.00023746354387925266
C3,441000,811100,,54151A,-2.1483249572827544e-05
C3,441000,811100,,541200,-0.000749635730211702
C3,441000,811100,,541300,1.5186276855361283e-05
C3,441000,811100,,541610,-7.968639194606277e-05
C3,441000,811100,,5416A0,-2.9710706966372127e-05
C3,441000,811100,,541700,8.891167671360723e-07
C3,441000,811100,,541800,0.0003028071590796381
C3,441000,811100,,541400,1.2598646169303201e-05
C3,441000,811100,,541920,4.388553782549581e-06
C3,441000,811100,,5419A0,-3.331253122034804e-05
C3,441000,811100,,550000,-0.0021657574110804734
C3,441000,811100,,561300,-0.002353698948974174
C3,441000,811100,,561700,-0.0002027114144753726
C3,441000,811100,,561100,3.3188709867000456e-05
C3,441000,811100,,561200,6.673559340490709e-06
C3,441000,811100,,561400,3.9416505737569136e-05
C3,441000,811100,,561500,-3.7202967353664747e-07
C3,441000,811100,,561600,5.727116128800147e-05
C3,441000,811100,,561900,8.259441364404317e-05
C3,441000,811100,,562000,-0.00031117799339898194
C3,441000,811100,,611A00,-5.77461121104273e-06
C3,441000,811100,,611B00,9.29118870264303e-06
C3,441000,811100,,711100,2.372123129457965e-06
C3,441000,811100,,711200,2.4958451210150543e-06
C3,441000,811100,,711500,-5.267104509490858e-06
C3,441000,811100,,711A00,2.729836320416741e-05
C3,441000,811100,,713900,1.3084784433842488e-06
C3,441000,811100,,721000,-3.725604814631736e-05
C3,441000,811100,,722110,-8.780431015441554e-06
C3,441000,811100,,722211,-1.3967227040542154e-05
C3,441000,811100,,722A00,-3.197205138483947e-06
C3,441000,811100,,811100,-0.00011797135890760001
C3,441000,811100,,811200,-0.0003242734635560945
C3,441000,811100,,811300,-0.0003073320893067832
C3,441000,811100,,811400,-0.00011903158717305229
C3,441000,811100,,812300,-0.00014556448671585327
C3,441000,811100,,812900,1.3190211065550197e-05
C3,441000,811100,,813B00,-4.54233016479349e-06
C3,441000,811100,,491000,8.018147200771492e-05
C3,441000,811100,,S00102,3.2842971067304025e-07
C3,441000,811100,,S00203,-0.00020560241793776265
C3,441000,811100,,S00402,-0.013735955163486633
C3,441000,811100,,S00300,-6.550501397944577e-05
C3,441000,811100,,V00100,0.5347263711337333
C3,441000,811100,,V00200,0.03632822774122807
C3,441000,811100,,V00300,0.27139740512774313
C3,517110,233240,,1111B0,-0.001655724831817053
C3,517110,233240,,111300,-1.283507621563607e-05
C3,517110,233240,,111400,-3.167979509087891e-05
C3,517110,233240,,111900,-0.0004620627437628985
C3,517110,233240,,112120,-0.00010268060972508856
C3,517110,233240,,1121A0,-0.0033627899684966506
C3,517110,233240,,112300,-7.701045729381642e-05
C3,517110,233240,,112A00,-0.00725181806183438
C3,517110,233240,,113000,-0.00028237167674399354
C3,517110,233240,,114000,-0.0002567015243127214
C3,517110,233240,,115000,-0.0031445936728308373
C3,517110,233240,,211000,-1.2903676720741591e-05
C3,517110,233240,,212100,-0.0010524762496821579
C3,517110,233240,,212230,-0.0023417020215635966
C3,517110,233240,,2122A0,-0.0018995912799141385
C3,517110,233240,,212310,0.004724952282771355
C3,517110,233240,,2123A0,-0.0021353093177490807
C3,517110,233240,,21311A,-0.00028237167674399354
C3,517110,233240,,221100,-0.06991490629500349
C3,517110,233240,,221200,-0.009101552924456332
C3,517110,233240,,221300,-0.008309956977819508
C3,517110,233240,,230301,-0.07607994315197768
C3,517110,233240,,321100,-0.018591582491799805
C3,517110,233240,,321200,-0.025531855773336238
C3,517110,233240,,321910,-0.009191163285280923
C3,517110,233240,,3219A0,-0.008240502435310494
C3,517110,233240,,327100,0.009166761233349049
C3,517110,233240,,327200,-0.008238752798079441
C3,517110,233240,,327310,-0.0028785940643978273
C3,517110,233240,,327320,-0.03579572510277292
C3,517110,233240,,327330,-0.0004997101150207783
C3,517110,233240,,327390,-0.016045585215456074
C3,517110,233240,,327400,-0.01607310398555073
C3,517110,233240,,327910,-0.008050223870385564
C3,517110,233240,,327991,-0.000286152951991463
C3,517110,233240,,327993,-0.0002567015243127214
C3,517110,233240,,327999,-0.0002183902482814436
C3,517110,233240,,331110,-0.011494095158314996
C3,517110,233240,,331200,-0.001568128046183756
C3,517110,233240,,331313,0.00018907076395497966
C3,517110,233240,,33131B,-3.430025255275955e-07
C3,517110,233240,,331410,-0.001116651630760338
C3,517110,233240,,331420,-0.00018925601744862564
C3,517110,233240,,331490,0.000998069657157521
C3,517110,233240,,331520,-5.134030486254428e-05
C3,517110,233240,,332114,-0.007368803737327087
C3,517110,233240,,33211A,-0.00037641708142944753
C3,517110,233240,,332119,-0.02562844392771632
C3,517110,233240,,332200,-0.01617447141574006
C3,517110,233240,,332310,-0.023236554423110952
C3,517110,233240,,332320,-0.024178746424886516
C3,517110,233240,,332410,-0.00026820534435714966
C3,517110,233240,,332430,-4.704501128445208e-06
C3,517110,233240,,332500,-0.011486980173010546
C3,517110,233240,,332600,-0.0007538138288941698
C3,517110,233240,,332710,-0.02560301403978689
C3,517110,233240,,332720,-0.007857173966551867
C3,517110,233240,,332800,0.004949432588434521
C3,517110,233240,,332913,-0.005690794223385767
C3,517110,233240,,33291A,-0.00036331998418665423
C3,517110,233240,,332991,0.0011723573269959886
C3,517110,233240,,332996,-0.010863826724284863
C3,517110,233240,,332999,0.002362165529050795
C3,517110,233240,,333111,-0.0006160836583505313
C3,517110,233240,,333112,-0.052968033313105116
C3,517110,233240,,333120,-0.0004620627437628985
C3,517110,233240,,333130,-5.134030486254428e-05
C3,517110,233240,,333242,-0.0010953569888664633
C3,517110,233240,,33329A,-0.0025069180304758873
C3,517110,233240,,333316,-0.0005852493402451378
C3,517110,233240,,333318,0.00022725009663397968
C3,517110,233240,,333414,-0.00016737410414684192
C3,517110,233240,,333415,-0.017855914207977094
C3,517110,233240,,333413,-0.0006895553768427059
C3,517110,233240,,333511,-0.0006802590394287117
C3,517110,233240,,33351B,-0.00011558033681260142
C3,517110,233240,,333611,-0.0006930941156443477
C3,517110,233240,,333612,-0.006491988252734952
C3,517110,233240,,333613,-0.0006289187345661676
C3,517110,233240,,333618,-0.019062429345708697
C3,517110,233240,,333912,2.3220309141585687e-05
C3,517110,233240,,333914,-0.00041072243890035424
C3,517110,233240,,333920,0.003128020349979095
C3,517110,233240,,333991,8.14841026214297e-06
C3,517110,233240,,33399A,-0.012272493858446124
C3,517110,233240,,33399B,-0.0001283507621563607
C3,517110,233240,,334111,-2.640953430790558e-05
C3,517110,233240,,334112,-2.051630470770039e-05
C3,517110,233240,,334118,-0.0022979344602533118
C3,517110,233240,,334210,0.02638666564530204
C3,517110,233240,,334220,-0.008319395716859123
C3,517110,233240,,334290,0.0002817614510732983
C3,517110,233240,,334413,-0.005398220901899767
C3,517110,233240,,334418,-0.0008229874872407183
C3,517110,233240,,33441A,-0.015123558350594132
C3,517110,233240,,334512,-0.0006772801468568001
C3,517110,233240,,334513,-0.002116853707474111
C3,517110,233240,,334514,-0.001631331980089033
C3,517110,233240,,334515,-4.116030306331146e-07
C3,517110,233240,,334516,-0.00031595977113694937
C3,517110,233240,,334517,-3.850522864690821e-05
C3,517110,233240,,33451A,-0.001589579081561323
C3,517110,233240,,334300,-0.00017563709303181757
C3,517110,233240,,334610,4.6465842462198056e-05
C3,517110,233240,,335110,-2.645067935814707e-05
C3,517110,233240,,335120,-0.002610468478251586
C3,517110,233240,,335210,0.00011424296704099089
C3,517110,233240,,335220,-3.959974386359864e-05
C3,517110,233240,,335311,-6.86005051055191e-08
C3,517110,233240,,335312,-0.002123204875277195
C3,517110,233240,,335313,-0.004378944607974936
C3,517110,233240,,335314,-0.00012529026756526472
C3,517110,233240,,335911,-0.0008437003677697073
C3,517110,233240,,335912,1.0491743238889521e-05
C3,517110,233240,,335920,-0.00978272761352367
C3,517110,233240,,335930,-0.015522118975623467
C3,517110,233240,,335991,-0.0004443297744560504
C3,517110,233240,,335999,0.00021159951281033345
C3,517110,233240,,336214,-7.701045729381642e-05
C3,517110,233240,,336310,-0.003208581888412823
C3,517110,233240,,336320,-0.0061686094725001365
C3,517110,233240,,336350,-0.008951441036119162
C3,517110,233240,,336360,-0.020158104434699693
C3,517110,233240,,336370,-0.0031830989014777454
C3,517110,233240,,336390,-0.008072194346397691
C3,517110,233240,,3363A0,-0.003359520465606233
C3,517110,233240,,336412,-0.00028237167674399354
C3,517110,233240,,336992,-0.022743755054107116
C3,517110,233240,,336999,-0.00016685599080326893
C3,517110,233240,,337110,-0.0002194826333060053
C3,517110,233240,,33712N,-6.86005051055191e-08
C3,517110,233240,,337215,-0.0029580475120776074
C3,517110,233240,,339112,-5.134030486254428e-05
C3,517110,233240,,339113,-0.00043639259133162637
C3,517110,233240,,339940,-0.006336508615799827
C3,517110,233240,,339990,-0.0012424891848385878
C3,517110,233240,,311119,-0.0027467063101461187
C3,517110,233240,,311221,-0.00020536121945017712
C3,517110,233240,,311300,-2.567015243127214e-05
C3,517110,233240,,311410,-0.00014118583837199677
C3,517110,233240,,311420,-0.00010268060972508856
C3,517110,233240,,311513,-0.00023601618040443257
C3,517110,233240,,311514,-3.850522864690821e-05
C3,517110,233240,,31151A,-1.283507621563607e-05
C3,517110,233240,,311520,-0.00014118583837199677
C3,517110,233240,,311615,-0.00041072243890035424
C3,517110,233240,,31161A,-0.006403747878545842
C3,517110,233240,,311700,-0.00032087690539090173
C3,517110,233240,,311810,-1.979987193179932e-06
C3,517110,233240,,3118A0,-0.00010268060972508856
C3,517110,233240,,311910,-0.0009172303728897007
C3,517110,233240,,311920,-1.979987193179932e-06
C3,517110,233240,,311930,-0.004261245303591175
C3,517110,233240,,311940,-0.0001283507621563607
C3,517110,233240,,311990,-0.0006289187345661676
C3,517110,233240,,312110,-0.00038703227366226206
C3,517110,233240,,312120,-7.919948772719728e-06
C3,517110,233240,,312130,-0.0009112904113101609
C3,517110,233240,,312140,-0.0013679330846627354
C3,517110,233240,,313200,-0.0023517240262611776
C3,517110,233240,,313300,-0.003165036297109421
C3,517110,233240,,314110,-6.86005051055191e-08
C3,517110,233240,,314900,-0.0017785158359120258
C3,517110,233240,,315000,0.0005954730110140766
C3,517110,233240,,316000,-3.959974386359864e-06
C3,517110,233240,,322110,-2.567015243127214e-05
C3,517110,233240,,322120,-0.0007319553464329143
C3,517110,233240,,322130,-0.0009512317953982985
C3,517110,233240,,322210,-0.00932583673966814
C3,517110,233240,,322220,-0.0014924584204548824
C3,517110,233240,,322230,-3.283862828476424e-05
C3,517110,233240,,322299,-5.463688488124483e-06
C3,517110,233240,,323110,-0.009184810961755163
C3,517110,233240,,323120,0.00013096793789338525
C3,517110,233240,,324110,-0.05238821472010033
C3,517110,233240,,324121,-0.0028477773857353626
C3,517110,233240,,324122,0.0001993431215389009
C3,517110,233240,,324190,-0.004966547475535074
C3,517110,233240,,325110,-0.0002217645502874029
C3,517110,233240,,325120,-0.0015423560871278923
C3,517110,233240,,325130,-0.0005647433534879871
C3,517110,233240,,325180,-0.002620698880966505
C3,517110,233240,,325190,-0.0057344567114802954
C3,517110,233240,,325211,-2.3435369511862557e-05
C3,517110,233240,,3252A0,-0.0003978873626847182
C3,517110,233240,,325411,-0.00015402091458763283
C3,517110,233240,,325412,-0.000372217210253446
C3,517110,233240,,325414,-0.04094879972043505
C3,517110,233240,,325310,-0.0004897128833873507
C3,517110,233240,,325320,-0.00023103137188144925
C3,517110,233240,,325510,-0.007732763066503028
C3,517110,233240,,325520,-0.004038896673499548
C3,517110,233240,,325610,-0.006304728606293887
C3,517110,233240,,325620,-0.0028365518436555713
C3,517110,233240,,325910,0.00037605066328373545
C3,517110,233240,,3259A0,-0.004635210961010004
C3,517110,233240,,326110,-0.0035719762984986725
C3,517110,233240,,326120,-0.014407038626611676
C3,517110,233240,,326130,-0.010983612835504395
C3,517110,233240,,326140,-0.0004924286276410809
C3,517110,233240,,326150,-0.017624093414565504
C3,517110,233240,,326160,-0.002357029149936404
C3,517110,233240,,326190,-0.03270498106427542
C3,517110,233240,,326210,-0.0032722288114523258
C3,517110,233240,,326220,1.0491743238889521e-05
C3,517110,233240,,326290,-0.009267945132834719
C3,517110,233240,,423100,-0.009442273096346597
C3,517110,233240,,423400,-0.006364129540236772
C3,517110,233240,,423600,-0.004791179555989415
C3,517110,233240,,423800,-0.08574056887759178
C3,517110,233240,,423A00,-0.06268746345896896
C3,517110,233240,,424200,-0.021670208127866374
C3,517110,233240,,424400,-0.005029990258698949
C3,517110,233240,,424700,-0.019711021849633838
C3,517110,233240,,424A00,-0.024012534835312217
C3,517110,233240,,425000,1.6435964695551752
C3,517110,233240,,441000,-0.0032301589486546205
C3,517110,233240,,445000,-2.636561673797651e-06
C3,517110,233240,,452000,-0.00030935845579473884
C3,517110,233240,,444000,-0.0004805114616604915
C3,517110,233240,,446000,-2.6631101718025633e-07
C3,517110,233240,,447000,-2.7650139624452074e-05
C3,517110,233240,,454000,-0.0008629144154292553
C3,517110,233240,,4B0000,-0.00042810930693955155
C3,517110,233240,,481000,-0.14873971329250518
C3,517110,233240,,482000,-0.004625501212088185
C3,517110,233240,,483000,-0.014215342830078321
C3,517110,233240,,484000,-0.04663821944539556
C3,517110,233240,,485000,-0.04203976372117527
C3,517110,233240,,486000,-0.0015004775704214603
C3,517110,233240,,48A000,-0.13110121627857257
C3,517110,233240,,492000,-0.122706593108776
C3,517110,233240,,493000,-0.04875045204550445
C3,517110,233240,,511120,-0.0034947492695816
C3,517110,233240,,511130,-0.002777236418970878
C3,517110,233240,,5111A0,-0.00034438585500319943
C3,517110,233240,,511200,-0.01684538010163975
C3,517110,233240,,512100,0.05703332114316654
C3,517110,233240,,512200,-0.002767695577548893
C3,517110,233240,,515100,-0.00010021215821659932
C3,517110,233240,,515200,-0.011302955555232766
C3,517110,233240,,517110,-0.1511904617851899
C3,517110,233240,,517210,-0.07786053500961744
C3,517110,233240,,517A00,-0.025362946124225526
C3,517110,233240,,518200,-0.04935597500077873
C3,517110,233240,,519130,-0.01508183735011822
C3,517110,233240,,5191A0,-0.004941023891226217
C3,517110,233240,,522A00,-0.09733778189073358
C3,517110,233240,,52A000,-0.16705494014488592
C3,517110,233240,,523900,-0.0037853440702004704
C3,517110,233240,,523A00,-0.022467420092577368
C3,517110,233240,,5241XX,-0.22704039382744903
C3,517110,233240,,524200,-0.05906476480296307
C3,517110,233240,,531ORE,-0.40475053669764355
C3,517110,233240,,532100,-0.3768568725651112
C3,517110,233240,,532400,-0.1836250011861964
C3,517110,233240,,532A00,-0.030211792106067174
C3,517110,233240,,533000,-0.06932185533765675
C3,517110,233240,,541100,0.060646152940957904
C3,517110,233240,,541512,-0.04394279040801387
C3,517110,233240,,54151A,-0.03089499247687781
C3,517110,233240,,541200,-0.09398014710539593
C3,517110,233240,,541300,-0.04852803263024135
C3,517110,233240,,541610,-0.07462290176169976
C3,517110,233240,,5416A0,-0.06363527965969193
C3,517110,233240,,541700,-0.060312739730383896
C3,517110,233240,,541800,-0.13920537536002736
C3,517110,233240,,541400,-0.02302268024832121
C3,517110,233240,,541920,-0.0073624581815662695
C3,517110,233240,,541940,-0.0017327352891108694
C3,517110,233240,,5419A0,-0.058937861887396685
C3,517110,233240,,550000,0.6869558014015335
C3,517110,233240,,561300,-0.2503133400640455
C3,517110,233240,,561700,-0.12606926336600793
C3,517110,233240,,561100,-0.0753886008976348
C3,517110,233240,,561200,-0.01758605041768079
C3,517110,233240,,561400,-0.10584737196021615
C3,517110,233240,,561500,-0.04413092298501721
C3,517110,233240,,561600,-0.052062828193760714
C3,517110,233240,,561900,-0.005961387347763561
C3,517110,233240,,562000,-0.027696106263473876
C3,517110,233240,,611A00,-0.00029628401684462233
C3,517110,233240,,611B00,-0.00014168142655364316
C3,517110,233240,,711100,-0.004909049133837929
C3,517110,233240,,711200,-0.008012734851358819
C3,517110,233240,,711500,0.13094000205284873
C3,517110,233240,,711A00,0.003918419810273483
C3,517110,233240,,713900,-0.005487135040338975
C3,517110,233240,,721000,-0.11584723945554654
C3,517110,233240,,722110,-0.11049679329173796
C3,517110,233240,,722211,-0.03468283322500395
C3,517110,233240,,722A00,-0.03215480404219549
C3,517110,233240,,811100,-0.07075559761704689
C3,517110,233240,,811200,-0.09179156996468749
C3,517110,233240,,811300,-0.17758152486188836
C3,517110,233240,,811400,-0.08087272754997815
C3,517110,233240,,812300,-0.011348680132197465
C3,517110,233240,,812900,-0.005858111545508364
C3,517110,233240,,813B00,-0.02379987382538745
C3,517110,233240,,491000,-0.06734040635464658
C3,517110,233240,,S00203,-0.017052659751894524
C3,517110,233240,,S00300,-0.06487728139103197
C3,517110,233240,,V00100,2.06146753433711
C3,517110,233240,,V00200,1.5707311309050949
C3,517110,233240,,V00300,0.8788588760455587
C3,517210,233240,,1111B0,-0.002785021345685248
C3,517210,233240,,111300,-2.1589312757249985e-05
C3,517210,233240,,111400,-0.008094127397146602
C3,517210,233240,,111900,-0.0007772152592609994
C3,517210,233240,,112120,-0.00017271450205799988
C3,517210,233240,,1121A0,-0.0056563999423994964
C3,517210,233240,,112300,-0.0001295358765434999
C3,517210,233240,,112A00,-0.01219796170784624
C3,517210,233240,,113000,-0.0004749648806594997
C3,517210,233240,,114000,-0.0004317862551449997
C3,517210,233240,,115000,-0.005289381625526246
C3,517210,233240,,211000,-2.1589312757249985e-05
C3,517210,233240,,212100,-0.001770323646094499
C3,517210,233240,,212230,-0.02054475131267965
C3,517210,233240,,2122A0,-0.0031952182880729983
C3,517210,233240,,212310,-0.0008203938847754994
C3,517210,233240,,2123A0,-0.003627004543217997
C3,517210,233240,,21311A,-0.0004749648806594997
C3,517210,233240,,221100,-1.6395833117404646
C3,517210,233240,,221200,-0.0265794111457516
C3,517210,233240,,221300,-0.0908643006441601
C3,517210,233240,,230301,-0.3664745570331944
C3,517210,233240,,321100,-0.022468119972353384
C3,517210,233240,,321200,-0.031372092467285166
C3,517210,233240,,321910,-0.016231428498929657
C3,517210,233240,,3219A0,-0.06359423195971274
C3,517210,233240,,327100,-0.015114652706325553
C3,517210,233240,,327200,-0.014372721232575662
C3,517210,233240,,327310,-0.004396755725034945
C3,517210,233240,,327320,-0.060990672069581975
C3,517210,233240,,327330,-0.016697069531562286
C3,517210,233240,,327390,-0.04550221891875249
C3,517210,233240,,327400,-0.0254143218014043
C3,517210,233240,,327910,-0.009903607196349293
C3,517210,233240,,327991,-0.0009931083868334992
C3,517210,233240,,327993,-0.0004317862551449997
C3,517210,233240,,327999,-0.00036701831687324974
C3,517210,233240,,331110,-0.018651625556009247
C3,517210,233240,,331200,-0.0018190488437386143
C3,517210,233240,,331313,-0.0004749648806594997
C3,517210,233240,,331410,-0.0018782702098807487
C3,517210,233240,,331420,-0.0020851873979966305
C3,517210,233240,,331490,-0.0015328412057647488
C3,517210,233240,,331520,-8.635725102899994e-05
C3,517210,233240,,332114,-0.008994777566435196
C3,517210,233240,,33211A,-0.0009499297613189995
C3,517210,233240,,332119,-0.039828310957166935
C3,517210,233240,,332200,-0.01932561912841842
C3,517210,233240,,332310,-0.03517577552339855
C3,517210,233240,,332320,-0.039603989609267296
C3,517210,233240,,332410,-0.000523446477143089
C3,517210,233240,,332430,-8.420013545505427e-07
C3,517210,233240,,332500,-0.407734005846412
C3,517210,233240,,332600,-0.0012857776829358868
C3,517210,233240,,332710,-0.04070652900615124
C3,517210,233240,,332720,-0.013805261299772591
C3,517210,233240,,332800,-0.007673643342104042
C3,517210,233240,,332913,-0.008639021357865618
C3,517210,233240,,33291A,-0.008836500150412941
C3,517210,233240,,332991,-0.005741959165839596
C3,517210,233240,,332996,-0.013220999659275449
C3,517210,233240,,332999,-0.020000385489633423
C3,517210,233240,,333111,-0.0010362870123479992
C3,517210,233240,,333112,-0.06470209842375738
C3,517210,233240,,333120,-0.0007772152592609994
C3,517210,233240,,333130,-8.635725102899994e-05
C3,517210,233240,,333242,-0.002254955638149095
C3,517210,233240,,33329A,-0.0030233843071142096
C3,517210,233240,,333316,-0.0051158690958793464
C3,517210,233240,,333318,-0.0001295358765434999
C3,517210,233240,,333414,-0.0004749648806594997
C3,517210,233240,,333415,-0.04062751735584825
C3,517210,233240,,333413,-0.0014251355146695827
C3,517210,233240,,333511,-0.0011442335761342492
C3,517210,233240,,33351B,-0.00019430381481524986
C3,517210,233240,,333611,-0.0011658228888914992
C3,517210,233240,,333612,-0.00933414763097682
C3,517210,233240,,333613,-0.0010578763251052493
C3,517210,233240,,333618,-0.031001861549747396
C3,517210,233240,,333912,-0.00017271450205799988
C3,517210,233240,,333914,-0.0006908580082319995
C3,517210,233240,,333920,-0.019087279519768834
C3,517210,233240,,333991,-2.1589312757249985e-05
C3,517210,233240,,33399A,-0.014169746986279805
C3,517210,233240,,33399B,-0.00021589312757249986
C3,517210,233240,,334111,-4.424277366273086e-05
C3,517210,233240,,334112,-0.00016502803535094668
C3,517210,233240,,334118,-0.061950269516987067
C3,517210,233240,,334220,-0.0905796510890735
C3,517210,233240,,334290,-0.00026967769502517854
C3,517210,233240,,334413,0.07101967918604951
C3,517210,233240,,334418,-0.0059772626727661645
C3,517210,233240,,33441A,-0.03728593545018092
C3,517210,233240,,334512,-0.0052512788283724235
C3,517210,233240,,334513,-0.003945369910463343
C3,517210,233240,,334514,-0.0029363761717190575
C3,517210,233240,,334516,-0.0005789436995372303
C3,517210,233240,,334517,-6.476793827174995e-05
C3,517210,233240,,33451A,-0.00933845391630087
C3,517210,233240,,334300,-0.0012198333884313561
C3,517210,233240,,334610,-0.0013608538209392731
C3,517210,233240,,335110,-4.3331716669872795e-05
C3,517210,233240,,335120,-0.012763386617962388
C3,517210,233240,,335220,-0.010117659246433252
C3,517210,233240,,335312,-0.01300613289600907
C3,517210,233240,,335313,-0.01113007573466607
C3,517210,233240,,335314,-0.0012239414139551938
C3,517210,233240,,335911,-0.008009622534422289
C3,517210,233240,,335920,-0.02085918607074944
C3,517210,233240,,335930,-0.025612972014917863
C3,517210,233240,,335991,-0.0007641512879378712
C3,517210,233240,,335999,-0.004341594011346166
C3,517210,233240,,336214,-0.0001295358765434999
C3,517210,233240,,336310,-0.04560689008341469
C3,517210,233240,,336320,-0.016890503695018776
C3,517210,233240,,336350,-0.097698245630934
C3,517210,233240,,336360,-0.023243401892215628
C3,517210,233240,,336370,-0.005354149563797996
C3,517210,233240,,336390,-0.0763724482506873
C3,517210,233240,,3363A0,-0.03980589364320096
C3,517210,233240,,336412,-0.0004749648806594997
C3,517210,233240,,336992,-0.03825626220584697
C3,517210,233240,,336999,-0.0002806610658442498
C3,517210,233240,,337110,-0.02682405754690045
C3,517210,233240,,337215,-0.4070176212678011
C3,517210,233240,,339112,-8.635725102899994e-05
C3,517210,233240,,339113,-0.0007340366337464995
C3,517210,233240,,339940,-0.007304719583733816
C3,517210,233240,,339990,-0.007038142633751411
C3,517210,233240,,311119,-0.004620112930051497
C3,517210,233240,,311221,-0.00034542900411599977
C3,517210,233240,,311300,-4.317862551449997e-05
C3,517210,233240,,311410,-0.00023748244032974986
C3,517210,233240,,311420,-0.00017271450205799988
C3,517210,233240,,311513,-0.0049199649777682125
C3,517210,233240,,311514,-6.476793827174995e-05
C3,517210,233240,,31151A,-2.1589312757249985e-05
C3,517210,233240,,311520,-0.00023748244032974986
C3,517210,233240,,311615,-0.0006908580082319995
C3,517210,233240,,31161A,-0.013786775527040468
C3,517210,233240,,311700,-0.0005397328189312497
C3,517210,233240,,311810,-0.0005058829623216626
C3,517210,233240,,3118A0,-0.00017271450205799988
C3,517210,233240,,311910,-0.0030504900927297365
C3,517210,233240,,311920,-0.0005058829623216626
C3,517210,233240,,311930,-0.007167651835406995
C3,517210,233240,,311940,-0.00021589312757249986
C3,517210,233240,,311990,-0.0010578763251052493
C3,517210,233240,,312110,-0.001153562345039162
C3,517210,233240,,312120,-0.0020235318492866504
C3,517210,233240,,312130,-0.0015328412057647488
C3,517210,233240,,312140,-0.0022899215182445405
C3,517210,233240,,313200,-0.002935729241114222
C3,517210,233240,,313300,-0.2982191552960092
C3,517210,233240,,314900,-0.007720833229973783
C3,517210,233240,,315000,-0.0004101969423877497
C3,517210,233240,,316000,-0.0010117659246433252
C3,517210,233240,,322110,-4.317862551449997e-05
C3,517210,233240,,322120,-0.021027963490464062
C3,517210,233240,,322130,-0.01661140197704668
C3,517210,233240,,322210,-0.049449568716909
C3,517210,233240,,322220,-0.03353404243123399
C3,517210,233240,,322230,-0.004074925035981522
C3,517210,233240,,322299,-1.0716380876097816e-06
C3,517210,233240,,323110,-0.11176075017539351
C3,517210,233240,,323120,-0.00013351310477031694
C3,517210,233240,,324110,-0.18861759612351528
C3,517210,233240,,324121,-0.0038261048244415327
C3,517210,233240,,324190,-0.033851760482941834
C3,517210,233240,,325110,-0.0004965541934167496
C3,517210,233240,,325120,-0.002606249014896374
C3,517210,233240,,325130,-0.0009499297613189995
C3,517210,233240,,325180,-0.004425809115236247
C3,517210,233240,,325190,-0.015598446482056865
C3,517210,233240,,325211,-5.833268065998329e-05
C3,517210,233240,,3252A0,-0.0006692686954747495
C3,517210,233240,,325411,-0.0002590717530869998
C3,517210,233240,,325412,-0.0006260900699602496
C3,517210,233240,,325414,-0.34377438581396785
C3,517210,233240,,325310,-0.001326276847097162
C3,517210,233240,,325320,-0.0003886076296304997
C3,517210,233240,,325510,-0.013644053979082364
C3,517210,233240,,325520,-0.005662511462777547
C3,517210,233240,,325610,-0.016313391061016404
C3,517210,233240,,325620,-0.0047712381193522465
C3,517210,233240,,325910,-7.782490960233217e-05
C3,517210,233240,,3259A0,-0.0717858516500427
C3,517210,233240,,326110,-0.06952282046125453
C3,517210,233240,,326120,-0.040998527793562
C3,517210,233240,,326130,-0.01321366148082278
C3,517210,233240,,326140,-0.023200654334866642
C3,517210,233240,,326150,-0.037551512197002396
C3,517210,233240,,326160,-0.003511468204976273
C3,517210,233240,,326190,-0.3042070218834214
C3,517210,233240,,326210,-0.012157550397961214
C3,517210,233240,,326290,-0.01668119341283899
C3,517210,233240,,423100,-0.05141302544078878
C3,517210,233240,,423400,-0.07759141467575521
C3,517210,233240,,423600,-0.13105079746691323
C3,517210,233240,,423800,-0.15448690853862032
C3,517210,233240,,423A00,-0.38531006960349495
C3,517210,233240,,424200,-0.3029301923698139
C3,517210,233240,,424400,-0.05772505872050566
C3,517210,233240,,424700,-0.05604654231670768
C3,517210,233240,,424A00,-0.16623859877882027
C3,517210,233240,,425000,1.756820867421476
C3,517210,233240,,441000,-0.05582562169814956
C3,517210,233240,,445000,-0.0005066223792704851
C3,517210,233240,,452000,-0.0037416637187806935
C3,517210,233240,,444000,-0.02456628353866001
C3,517210,233240,,446000,-6.628713711361737e-07
C3,517210,233240,,447000,-0.0005490615878361626
C3,517210,233240,,454000,-0.08312635462425187
C3,517210,233240,,4B0000,-0.009206602539105688
C3,517210,233240,,481000,-0.21289989760207748
C3,517210,233240,,482000,-0.018893769109615415
C3,517210,233240,,483000,-0.02552848183213121
C3,517210,233240,,484000,-0.4874723472254871
C3,517210,233240,,485000,-0.05308526176405384
C3,517210,233240,,486000,-0.004329712148866631
C3,517210,233240,,48A000,-0.627382578972344
C3,517210,233240,,492000,-0.7384011429820859
C3,517210,233240,,493000,-1.5785593478831539
C3,517210,233240,,511120,-0.005924304718961584
C3,517210,233240,,511130,-0.005315733891725061
C3,517210,233240,,5111A0,-0.0005627668336619113
C3,517210,233240,,511200,-0.07212671713500104
C3,517210,233240,,512100,-0.0011262419372764557
C3,517210,233240,,512200,-0.0005058829623216626
C3,517210,233240,,517110,-0.42131605517965465
C3,517210,233240,,517210,-0.3929589864663842
C3,517210,233240,,517A00,-0.04611327371206423
C3,517210,233240,,518200,-0.603535910231749
C3,517210,233240,,519130,-0.0918897780793333
C3,517210,233240,,5191A0,-0.00971531391719171
C3,517210,233240,,522A00,-0.8888737525729843
C3,517210,233240,,52A000,-0.6577395942466806
C3,517210,233240,,523900,-0.010568160728488258
C3,517210,233240,,523A00,-0.07239222334458725
C3,517210,233240,,5241XX,-0.6645882141594581
C3,517210,233240,,524200,-0.7837323501179411
C3,517210,233240,,531ORE,-12.899173512056931
C3,517210,233240,,532100,-0.5458124881692296
C3,517210,233240,,532400,-0.29334556279195695
C3,517210,233240,,532A00,-0.045562841020545544
C3,517210,233240,,533000,-0.2730471884262408
C3,517210,233240,,541100,-0.16837390509350728
C3,517210,233240,,541512,-0.4349396239577945
C3,517210,233240,,54151A,-0.18293915553064274
C3,517210,233240,,541200,-0.7334776309044623
C3,517210,233240,,541300,-0.19016447511435605
C3,517210,233240,,541610,-0.35846833339143164
C3,517210,233240,,5416A0,-0.17253965891052322
C3,517210,233240,,541700,-0.1021573162954492
C3,517210,233240,,541800,-3.8557448272173933
C3,517210,233240,,541400,-0.05466175255120651
C3,517210,233240,,541920,-0.01148673181341422
C3,517210,233240,,541940,-0.002914557222228748
C3,517210,233240,,5419A0,-0.16314481504565378
C3,517210,233240,,550000,-1.740424365615406
C3,517210,233240,,561300,-1.1936942667789232
C3,517210,233240,,561700,-0.5614105625959357
C3,517210,233240,,561100,-0.18753404228269432
C3,517210,233240,,561200,-0.057034674544769716
C3,517210,233240,,561400,-0.2616745636414599
C3,517210,233240,,561500,-0.10563171863854469
C3,517210,233240,,561600,-0.1575638067282292
C3,517210,233240,,561900,-0.1522651089422519
C3,517210,233240,,562000,-0.18036848556110088
C3,517210,233240,,611A00,-0.06737576147002033
C3,517210,233240,,611B00,-0.027829992756217097
C3,517210,233240,,711100,-0.006166386347097611
C3,517210,233240,,711200,-0.01000544712704521
C3,517210,233240,,711500,-0.026970441268480243
C3,517210,233240,,711A00,-0.008737783084792368
C3,517210,233240,,713900,-0.07440716044266975
C3,517210,233240,,721000,-0.1492695867243106
C3,517210,233240,,722110,-0.19024461827229597
C3,517210,233240,,722211,-0.0752413575147066
C3,517210,233240,,722A00,-0.20535385500174352
C3,517210,233240,,811100,-0.13562846437888235
C3,517210,233240,,811200,-0.18212220820004232
C3,517210,233240,,811300,-0.34512086001309356
C3,517210,233240,,811400,-0.15779297455887778
C3,517210,233240,,812300,-0.0100305344675546
C3,517210,233240,,812900,-0.13785083738497275
C3,517210,233240,,813B00,-0.059948194687350784
C3,517210,233240,,491000,-0.40468151624879345
C3,517210,233240,,S00203,-0.12867124053788842
C3,517210,233240,,S00300,-0.1921085442396381
C3,517210,233240,,V00100,-1.2238620597289513
C3,517210,233240,,V00200,52.39216519023378
C3,517210,233240,,V00300,-7.919833526041979
C3,517A00,233240,,1111B0,-0.0007727675335437459
C3,517A00,233240,,111300,-5.990445996463147e-06
C3,517A00,233240,,111400,-0.0003812533735344615
C3,517A00,233240,,111900,-0.0002156560558726733
C3,517A00,233240,,112120,-4.792356797170518e-05
C3,517A00,233240,,1121A0,-0.0015694968510733447
C3,517A00,233240,,112300,-3.594267597877888e-05
C3,517A00,233240,,112A00,-0.0033846019880016775
C3,517A00,233240,,113000,-0.00013178981192218923
C3,517A00,233240,,114000,-0.00011980891992926294
C3,517A00,233240,,115000,-0.0014676592691334708
C3,517A00,233240,,211000,-5.520595371373876e-06
C3,517A00,233240,,212100,-0.0004912165717099781
C3,517A00,233240,,212230,-0.005722694802418054
C3,517A00,233240,,2122A0,-0.0008865860074765458
C3,517A00,233240,,212310,0.004381127833635066
C3,517A00,233240,,2123A0,-0.0010063949274058087
C3,517A00,233240,,21311A,-0.00013178981192218923
C3,517A00,233240,,221100,-0.09261999187083034
C3,517A00,233240,,221200,-0.001063179457979666
C3,517A00,233240,,221300,-0.004813892113503308
C3,517A00,233240,,230301,-0.018790483753591318
C3,517A00,233240,,321100,-0.0006668527414024207
C3,517A00,233240,,321200,-0.0006287641055259727
C3,517A00,233240,,321910,-0.0010251235769888035
C3,517A00,233240,,3219A0,-0.003795286463272723
C3,517A00,233240,,327100,-0.000930773027529686
C3,517A00,233240,,327200,-0.0038317879469250077
C3,517A00,233240,,327310,-0.00014015767991854022
C3,517A00,233240,,327320,-0.0025657466313815333
C3,517A00,233240,,327330,-0.0010192896718066084
C3,517A00,233240,,327390,-0.0021420356254124267
C3,517A00,233240,,327400,-0.001298180702809509
C3,517A00,233240,,327910,-0.0002563931506912512
C3,517A00,233240,,327991,-0.0002727414120867691
C3,517A00,233240,,327993,-0.00011980891992926294
C3,517A00,233240,,327999,-0.0001018375819398735
C3,517A00,233240,,331110,-0.0023234864776113793
C3,517A00,233240,,331200,-2.8444436016463403e-05
C3,517A00,233240,,331313,-0.00012662145504620722
C3,517A00,233240,,331410,-0.0005211688016922937
C3,517A00,233240,,331420,-0.00022971330058591753
C3,517A00,233240,,331490,-0.00041498495199691947
C3,517A00,233240,,331520,-2.396178398585259e-05
C3,517A00,233240,,332114,-0.00015656903725606638
C3,517A00,233240,,33211A,-0.00026170022134402136
C3,517A00,233240,,332119,-0.003312319519526472
C3,517A00,233240,,332200,-0.000714556925022307
C3,517A00,233240,,332310,-0.0008895534763479876
C3,517A00,233240,,332320,-0.006577488162969231
C3,517A00,233240,,332410,-0.00016095977394040917
C3,517A00,233240,,332430,-2.374676631266968e-05
C3,517A00,233240,,332500,-0.019437156102185927
C3,517A00,233240,,332600,-0.0003942705182857518
C3,517A00,233240,,332710,-0.003641049060563242
C3,517A00,233240,,332720,-0.0009500071788146775
C3,517A00,233240,,332800,-0.0012246493733898234
C3,517A00,233240,,332913,-0.00045889194683577185
C3,517A00,233240,,33291A,-0.0011439822994694228
C3,517A00,233240,,332991,-0.001587975811244444
C3,517A00,233240,,332996,-0.000431439688183379
C3,517A00,233240,,332999,-0.0015319893167383585
C3,517A00,233240,,333111,-0.00028754140783023106
C3,517A00,233240,,333112,-0.001207963400974439
C3,517A00,233240,,333120,-0.0002156560558726733
C3,517A00,233240,,333130,-2.396178398585259e-05
C3,517A00,233240,,333242,-0.0010359275426919004
C3,517A00,233240,,33329A,-0.0008959017619876855
C3,517A00,233240,,333316,-0.0014311674998502266
C3,517A00,233240,,333318,-3.265372160315398e-05
C3,517A00,233240,,333414,-0.00013178981192218923
C3,517A00,233240,,333415,-0.0026049552763436736
C3,517A00,233240,,333413,-0.0028277410743151603
C3,517A00,233240,,333511,-0.0003174936378125468
C3,517A00,233240,,33351B,-5.391401396816832e-05
C3,517A00,233240,,333611,-0.0003234840838090099
C3,517A00,233240,,333612,-0.001258489425809687
C3,517A00,233240,,333613,-0.0002935318538266942
C3,517A00,233240,,333618,-0.003549485757224434
C3,517A00,233240,,333912,-4.651401609643736e-05
C3,517A00,233240,,333914,-0.0001916942718868207
C3,517A00,233240,,333920,0.003617502748635289
C3,517A00,233240,,333991,-5.990445996463147e-06
C3,517A00,233240,,33399A,-0.00022722494834673406
C3,517A00,233240,,33399B,-5.990445996463147e-05
C3,517A00,233240,,334111,-1.5006997098215704e-05
C3,517A00,233240,,334112,-4.616669354355569e-05
C3,517A00,233240,,334118,-0.0046663891071695215
C3,517A00,233240,,334210,0.00019310860691169063
C3,517A00,233240,,334220,-0.024866745387766787
C3,517A00,233240,,334290,-9.122827200528834e-05
C3,517A00,233240,,334413,0.030365224518149898
C3,517A00,233240,,334418,-0.0020231590714813404
C3,517A00,233240,,33441A,-0.01345711112056189
C3,517A00,233240,,334512,-0.0016141281815700457
C3,517A00,233240,,334513,-0.0007982003827185296
C3,517A00,233240,,334514,-0.0008211770463315342
C3,517A00,233240,,334516,-0.0005968056131311617
C3,517A00,233240,,334517,-1.797133798938944e-05
C3,517A00,233240,,33451A,-0.003144361789889221
C3,517A00,233240,,334300,-0.00034050261159376236
C3,517A00,233240,,334610,-0.00017949280269815445
C3,517A00,233240,,335110,-1.6298485867957147e-05
C3,517A00,233240,,335120,-0.001812935807934245
C3,517A00,233240,,335210,1.409551875267815e-06
C3,517A00,233240,,335220,-0.0004765667169180768
C3,517A00,233240,,335312,-0.0036338456029899008
C3,517A00,233240,,335313,-0.0007985764510151823
C3,517A00,233240,,335314,-0.0003540299953132495
C3,517A00,233240,,335911,-0.0012437912484047583
C3,517A00,233240,,335920,-0.0060198174709037745
C3,517A00,233240,,335930,-0.0026684794053045834
C3,517A00,233240,,335991,-0.0003652781506298969
C3,517A00,233240,,335999,-0.0012084335910524523
C3,517A00,233240,,336214,-3.594267597877888e-05
C3,517A00,233240,,336310,-0.002764159301315243
C3,517A00,233240,,336320,-0.0025683748159383013
C3,517A00,233240,,336350,-0.007361534666624196
C3,517A00,233240,,336360,-0.00036345668243258794
C3,517A00,233240,,336370,-0.0014856306071228604
C3,517A00,233240,,336390,-0.005874350656672842
C3,517A00,233240,,3363A0,-0.0024141607401632977
C3,517A00,233240,,336412,-0.00013178981192218923
C3,517A00,233240,,336992,-0.010615070305732695
C3,517A00,233240,,336999,-7.787579795402092e-05
C3,517A00,233240,,337110,-0.0013819044666519367
C3,517A00,233240,,337215,-0.019707308084650436
C3,517A00,233240,,339112,-2.396178398585259e-05
C3,517A00,233240,,339113,-0.000203675163879747
C3,517A00,233240,,339940,-0.00014988971534399552
C3,517A00,233240,,339990,-0.0006867883332139917
C3,517A00,233240,,311119,-0.0012819554432431134
C3,517A00,233240,,311221,-9.584713594341036e-05
C3,517A00,233240,,311300,-1.1980891992926295e-05
C3,517A00,233240,,311410,-6.589490596109461e-05
C3,517A00,233240,,311420,-4.792356797170518e-05
C3,517A00,233240,,311513,-0.00031629260455300805
C3,517A00,233240,,311514,-1.797133798938944e-05
C3,517A00,233240,,31151A,-5.990445996463147e-06
C3,517A00,233240,,311520,-6.589490596109461e-05
C3,517A00,233240,,311615,-0.0001916942718868207
C3,517A00,233240,,31161A,-0.0031262121213140705
C3,517A00,233240,,311700,-0.00014976114991157867
C3,517A00,233240,,311810,-2.3828335845903845e-05
C3,517A00,233240,,3118A0,-4.792356797170518e-05
C3,517A00,233240,,311910,-0.0004968066732865949
C3,517A00,233240,,311920,-2.3828335845903845e-05
C3,517A00,233240,,311930,-0.0019888280708257647
C3,517A00,233240,,311940,-5.990445996463147e-05
C3,517A00,233240,,311990,-0.0002935318538266942
C3,517A00,233240,,312110,-0.00020354171573979828
C3,517A00,233240,,312120,-9.531334338361538e-05
C3,517A00,233240,,312130,-0.0004253216657488834
C3,517A00,233240,,312140,-0.0006760044174378867
C3,517A00,233240,,313200,-0.0002324501396811836
C3,517A00,233240,,313300,-0.014751714068546888
C3,517A00,233240,,314900,-0.0009485438199836328
C3,517A00,233240,,315000,-0.00010818026643172852
C3,517A00,233240,,316000,-4.765667169180769e-05
C3,517A00,233240,,322110,-1.1980891992926295e-05
C3,517A00,233240,,322120,-0.001348462211383508
C3,517A00,233240,,322130,-0.0013939543708190445
C3,517A00,233240,,322210,-0.003962025558655244
C3,517A00,233240,,322220,-0.0023877534078344006
C3,517A00,233240,,322230,-0.00022459002429221095
C3,517A00,233240,,322299,-3.022315712521596e-05
C3,517A00,233240,,323110,-0.007739186395077617
C3,517A00,233240,,323120,-4.74249266224813e-05
C3,517A00,233240,,324110,0.02477330009214953
C3,517A00,233240,,324121,-9.835800608324694e-05
C3,517A00,233240,,324122,1.8794025003570864e-06
C3,517A00,233240,,324190,-0.0025656632118902355
C3,517A00,233240,,325110,-0.00013684055666847382
C3,517A00,233240,,325120,-0.0008331865637561699
C3,517A00,233240,,325130,-0.00026357962384437845
C3,517A00,233240,,325180,-0.001228041429274945
C3,517A00,233240,,325190,-0.0043176194089362355
C3,517A00,233240,,325211,-0.00018907977027823013
C3,517A00,233240,,3252A0,-0.00018570382589035755
C3,517A00,233240,,325411,-7.188535195755776e-05
C3,517A00,233240,,325412,-0.00017372293389743127
C3,517A00,233240,,325414,-0.031640424972723936
C3,517A00,233240,,325310,-0.00025146528371150343
C3,517A00,233240,,325320,-0.00010782802793633665
C3,517A00,233240,,325510,-0.0012720033703518844
C3,517A00,233240,,325520,-0.00012895270637532582
C3,517A00,233240,,325610,-0.003305061789198022
C3,517A00,233240,,325620,-0.0013238885652183553
C3,517A00,233240,,325910,-0.0001664152929054936
C3,517A00,233240,,3259A0,-0.0055056361538140235
C3,517A00,233240,,326110,-0.004357192403607885
C3,517A00,233240,,326120,-0.0029170797344965646
C3,517A00,233240,,326130,-0.00046132847401725817
C3,517A00,233240,,326140,-0.0020221671141933423
C3,517A00,233240,,326150,-0.0018512331324039774
C3,517A00,233240,,326160,-0.00034645505442292224
C3,517A00,233240,,326190,-0.026083882150971523
C3,517A00,233240,,326210,-0.0006302824927649019
C3,517A00,233240,,326290,-0.004629751618654273
C3,517A00,233240,,423100,-0.004051944397270959
C3,517A00,233240,,423400,-0.008779086481717343
C3,517A00,233240,,423600,-0.019130195288864293
C3,517A00,233240,,423800,-0.01144693244232905
C3,517A00,233240,,423A00,-0.017851567073692228
C3,517A00,233240,,424200,-0.02344262319422994
C3,517A00,233240,,424400,-0.004397873891915766
C3,517A00,233240,,424700,0.014579961778979578
C3,517A00,233240,,424A00,-0.009125551260181518
C3,517A00,233240,,425000,0.017771533450274477
C3,517A00,233240,,441000,-0.0034912133800888622
C3,517A00,233240,,445000,-2.8135766536580975e-05
C3,517A00,233240,,452000,-0.000295002324406312
C3,517A00,233240,,444000,-0.0018155266999174923
C3,517A00,233240,,446000,-2.148633753161706e-06
C3,517A00,233240,,447000,-3.5809227838830134e-05
C3,517A00,233240,,454000,-0.004313155724592174
C3,517A00,233240,,4B0000,-0.0007062849615161036
C3,517A00,233240,,481000,-0.020328598209404903
C3,517A00,233240,,482000,-0.002258006984122013
C3,517A00,233240,,483000,-0.006692782675177365
C3,517A00,233240,,484000,-0.026846206033493983
C3,517A00,233240,,485000,-0.006435685474141017
C3,517A00,233240,,486000,-0.00023362150510149534
C3,517A00,233240,,48A000,-0.04369150621567289
C3,517A00,233240,,492000,-0.04287060868983917
C3,517A00,233240,,493000,-0.07933515001613145
C3,517A00,233240,,511120,-0.0012714787339233884
C3,517A00,233240,,511130,-0.0006288560429346034
C3,517A00,233240,,5111A0,-0.00020565597880686104
C3,517A00,233240,,511200,-0.01120145913666295
C3,517A00,233240,,512100,-0.00014513940973826333
C3,517A00,233240,,512200,-2.3828335845903845e-05
C3,517A00,233240,,517110,-0.02806690148774437
C3,517A00,233240,,517210,-0.022977248646581454
C3,517A00,233240,,517A00,-0.003881012544491482
C3,517A00,233240,,518200,-0.04900202415178652
C3,517A00,233240,,519130,-0.00688238751321027
C3,517A00,233240,,5191A0,-0.0017798935657843385
C3,517A00,233240,,522A00,-0.047203573223738714
C3,517A00,233240,,52A000,-0.038625839997152515
C3,517A00,233240,,523900,-0.00181876759284864
C3,517A00,233240,,523A00,-0.003757233502743101
C3,517A00,233240,,5241XX,-0.04397342770893625
C3,517A00,233240,,524200,-0.03859709906195269
C3,517A00,233240,,531ORE,-0.6124249854166575
C3,517A00,233240,,532100,-0.01973316474719482
C3,517A00,233240,,532400,0.02510957302014427
C3,517A00,233240,,532A00,-0.0016293006542002755
C3,517A00,233240,,533000,-0.029539822834543376
C3,517A00,233240,,541100,0.02048249739731103
C3,517A00,233240,,541512,-0.04091244174917027
C3,517A00,233240,,54151A,-0.024340403095748274
C3,517A00,233240,,541200,-0.06732277642765495
C3,517A00,233240,,541300,-0.025707014985408182
C3,517A00,233240,,541610,-0.05907351141756629
C3,517A00,233240,,5416A0,-0.03414686099219696
C3,517A00,233240,,541700,-0.029781172376116175
C3,517A00,233240,,541800,-0.24607175458280375
C3,517A00,233240,,541400,-0.00715260638569781
C3,517A00,233240,,541920,-0.0013477201142958878
C3,517A00,233240,,541940,-0.0008087102095225248
C3,517A00,233240,,5419A0,-0.011657528570850884
C3,517A00,233240,,550000,-0.09183837277451047
C3,517A00,233240,,561300,-0.13973877093615483
C3,517A00,233240,,561700,-0.030871438582631097
C3,517A00,233240,,561100,-0.0274996236720912
C3,517A00,233240,,561200,-0.00826398051199673
C3,517A00,233240,,561400,-0.025544921059483992
C3,517A00,233240,,561500,-0.010052222469063659
C3,517A00,233240,,561600,-0.016991702888591736
C3,517A00,233240,,561900,-0.011346106498210343
C3,517A00,233240,,562000,-0.012583919858759762
C3,517A00,233240,,611A00,-0.00396463662398514
C3,517A00,233240,,611B00,-0.0014918974142760068
C3,517A00,233240,,711100,-0.0009675778302731615
C3,517A00,233240,,711200,-0.0011248564578430862
C3,517A00,233240,,711500,-0.0024448180166206698
C3,517A00,233240,,711A00,-0.0006173664822368578
C3,517A00,233240,,713900,-0.00409070933408058
C3,517A00,233240,,721000,-0.017468560116259246
C3,517A00,233240,,722110,-0.017883035760564128
C3,517A00,233240,,722211,-0.007664523516394433
C3,517A00,233240,,722A00,-0.02095032568010689
C3,517A00,233240,,811100,-0.0058975160748230395
C3,517A00,233240,,811200,-0.010130699224951457
C3,517A00,233240,,811300,-0.015517728605598028
C3,517A00,233240,,811400,-0.007896691867902055
C3,517A00,233240,,812300,-0.00226218922383925
C3,517A00,233240,,812900,-0.009196869058063918
C3,517A00,233240,,813B00,-0.00548447832034483
C3,517A00,233240,,491000,-0.023417752233365355
C3,517A00,233240,,S00203,-0.0084406191583381
C3,517A00,233240,,S00300,-0.01791729621348904
C3,517A00,233240,,V00100,1.097767336324314
C3,517A00,233240,,V00200,2.470984482369676
C3,517A00,233240,,V00300,0.19122826836320944
C3,721000,713200,,1111B0,9.490219119970279e-08
C3,721000,713200,,111200,8.367632574620389e-06
C3,721000,713200,,111300,6.725516386634959e-06
C3,721000,713200,,111400,-3.41763127101236e-05
C3,721000,713200,,111900,6.128412971331055e-07
C3,721000,713200,,112120,1.0356600065190525e-09
C3,721000,713200,,1121A0,3.391786521349897e-08
C3,721000,713200,,112300,4.458300639896124e-06
C3,721000,713200,,112A00,-4.52786586570273e-05
C3,721000,713200,,113000,2.8480650179273946e-09
C3,721000,713200,,114000,9.002270175241467e-05
C3,721000,713200,,115000,3.171708769964598e-08
C3,721000,713200,,211000,-3.447447705758837e-06
C3,721000,713200,,212100,1.9932125206391507e-05
C3,721000,713200,,212230,4.137975846290362e-06
C3,721000,713200,,2122A0,1.9159710120602474e-08
C3,721000,713200,,212310,6.151889887544067e-06
C3,721000,713200,,2123A0,2.4761929123771133e-06
C3,721000,713200,,21311A,2.8480650179273946e-09
C3,721000,713200,,221100,-0.0005854322985710794
C3,721000,713200,,221200,-1.2722634809963994e-05
C3,721000,713200,,221300,-0.0001128095787129806
C3,721000,713200,,230301,-0.00026484504085419014
C3,721000,713200,,321100,-1.3341939765286824e-05
C3,721000,713200,,321200,1.9746000917929456e-05
C3,721000,713200,,321910,1.7736917608400374e-05
C3,721000,713200,,3219A0,1.2537551306069763e-05
C3,721000,713200,,327100,1.3336682090691872e-05
C3,721000,713200,,327200,4.0464056471126384e-05
C3,721000,713200,,327310,2.3016925451625366e-06
C3,721000,713200,,327320,3.74232280142664e-05
C3,721000,713200,,327330,1.8875933432436612e-05
C3,721000,713200,,327390,3.496310639673159e-05
C3,721000,713200,,327400,1.9758901683285755e-05
C3,721000,713200,,327910,3.7999380132393922e-06
C3,721000,713200,,327991,7.613236959043351e-06
C3,721000,713200,,327993,3.10865551701055e-06
C3,721000,713200,,327999,3.7598894592621438e-06
C3,721000,713200,,331110,-6.467888411751503e-05
C3,721000,713200,,331200,1.1511994227321354e-06
C3,721000,713200,,331313,2.8480650179273946e-09
C3,721000,713200,,33131B,1.928974455626219e-06
C3,721000,713200,,331410,1.1262802570894695e-08
C3,721000,713200,,331420,-8.612624155650465e-06
C3,721000,713200,,331490,-1.629026825060541e-05
C3,721000,713200,,331510,1.5204520677594244e-07
C3,721000,713200,,331520,5.178300032595263e-10
C3,721000,713200,,332114,2.142028770807694e-07
C3,721000,713200,,33211A,1.2813378558774094e-05
C3,721000,713200,,332119,4.3775782849044575e-08
C3,721000,713200,,332200,6.494948990196151e-06
C3,721000,713200,,332310,-1.2127864713456737e-05
C3,721000,713200,,332320,6.544543898973415e-05
C3,721000,713200,,332410,2.6662275852871298e-06
C3,721000,713200,,332420,1.2967284063605376e-05
C3,721000,713200,,332500,2.4671448397010573e-05
C3,721000,713200,,332600,7.548990425495949e-07
C3,721000,713200,,332710,-7.341799364948403e-06
C3,721000,713200,,332720,3.1890920031823264e-06
C3,721000,713200,,332800,3.7619607792751822e-06
C3,721000,713200,,332913,7.465162728618065e-06
C3,721000,713200,,33291A,2.6367124326253496e-05
C3,721000,713200,,332991,3.754267523631566e-09
C3,721000,713200,,332996,2.94310644766e-06
C3,721000,713200,,332999,5.449057844117624e-06
C3,721000,713200,,333111,6.2139600391143155e-09
C3,721000,713200,,333112,1.3295514109412706e-07
C3,721000,713200,,333120,1.2644636118871444e-06
C3,721000,713200,,333130,5.178300032595263e-10
C3,721000,713200,,333242,1.2686835079858394e-08
C3,721000,713200,,33329A,6.8082495727580624e-06
C3,721000,713200,,333318,4.5288527620410596e-05
C3,721000,713200,,333414,4.355752589991792e-06
C3,721000,713200,,333415,-5.4963626397406284e-05
C3,721000,713200,,333413,2.5666725813887033e-06
C3,721000,713200,,333511,6.861247543188723e-09
C3,721000,713200,,33351B,1.165117507333934e-09
C3,721000,713200,,333611,6.990705044003605e-09
C3,721000,713200,,333612,4.013182525261329e-09
C3,721000,713200,,333613,6.343417539929197e-09
C3,721000,713200,,333618,4.955672167701342e-07
C3,721000,713200,,333912,6.135303532484869e-06
C3,721000,713200,,333914,1.3210354885707932e-05
C3,721000,713200,,333920,6.818654719412306e-06
C3,721000,713200,,333991,6.430709705488984e-07
C3,721000,713200,,33399A,1.7205023183406585e-06
C3,721000,713200,,33399B,1.2945750081488157e-09
C3,721000,713200,,334111,1.3307403128576485e-08
C3,721000,713200,,334118,-0.0002076104386533582
C3,721000,713200,,334210,1.9548669442621172e-07
C3,721000,713200,,334220,-2.038593463689186e-05
C3,721000,713200,,334290,-9.016212626435965e-06
C3,721000,713200,,334413,2.3141634178030283e-06
C3,721000,713200,,334418,3.9094566506143174e-07
C3,721000,713200,,33441A,2.9187526563959656e-06
C3,721000,713200,,334512,1.325483203336472e-06
C3,721000,713200,,334513,2.3062740821350618e-07
C3,721000,713200,,334514,4.3033783190887397e-07
C3,721000,713200,,334516,2.5891500162976314e-09
C3,721000,713200,,334517,3.883725024446447e-10
C3,721000,713200,,33451A,5.4372150342250255e-09
C3,721000,713200,,334300,2.415191373496672e-07
C3,721000,713200,,334610,5.076810668831329e-07
C3,721000,713200,,335110,1.566632621907959e-07
C3,721000,713200,,335120,-0.0005379008975472776
C3,721000,713200,,335210,1.1077579350818661e-06
C3,721000,713200,,335220,2.5246772917794825e-06
C3,721000,713200,,335312,1.3563954297194635e-06
C3,721000,713200,,335313,6.114260594341497e-06
C3,721000,713200,,335314,3.883725024446447e-10
C3,721000,713200,,335911,1.2109657365166447e-06
C3,721000,713200,,335920,1.4205943519192738e-05
C3,721000,713200,,335930,4.5803990052961e-06
C3,721000,713200,,335991,4.272097526891092e-09
C3,721000,713200,,335999,1.316190379589566e-07
C3,721000,713200,,336214,7.767450048892894e-10
C3,721000,713200,,336310,-9.371487544325069e-06
C3,721000,713200,,336320,-3.351566449255071e-05
C3,721000,713200,,336350,-7.408956019328563e-05
C3,721000,713200,,336370,3.210546020209063e-08
C3,721000,713200,,336390,4.463713373181951e-06
C3,721000,713200,,3363A0,-1.3790457386251571e-05
C3,721000,713200,,336412,2.8480650179273946e-09
C3,721000,713200,,336992,2.2939869144397011e-07
C3,721000,713200,,336999,1.6829475105934603e-09
C3,721000,713200,,337110,1.4965032209130148e-05
C3,721000,713200,,337127,-3.2301409057156204e-05
C3,721000,713200,,337215,1.6057638767728418e-05
C3,721000,713200,,33721A,7.732584801747929e-06
C3,721000,713200,,339112,5.178300032595263e-10
C3,721000,713200,,339113,2.6122298852840602e-08
C3,721000,713200,,339910,1.5640434718916614e-07
C3,721000,713200,,339920,-5.76703856922791e-05
C3,721000,713200,,339930,-3.447577163259652e-06
C3,721000,713200,,339940,2.3473597828456407e-07
C3,721000,713200,,339990,-4.276343311955468e-05
C3,721000,713200,,311119,8.097256411202155e-07
C3,721000,713200,,311210,1.6422456454862448e-06
C3,721000,713200,,311221,1.7225191390938658e-06
C3,721000,713200,,311225,3.440895638161655e-06
C3,721000,713200,,311224,0.00012911178860465668
C3,721000,713200,,311230,4.6921304156749844e-07
C3,721000,713200,,311300,1.113157793038401e-06
C3,721000,713200,,311410,3.6743082571767014e-05
C3,721000,713200,,311420,8.943759615181757e-05
C3,721000,713200,,311513,-0.0009602679276428294
C3,721000,713200,,311514,2.9404405644065682e-05
C3,721000,713200,,31151A,0.00010157807143176623
C3,721000,713200,,311520,4.6453515147691314e-05
C3,721000,713200,,311615,0.00019654427333092592
C3,721000,713200,,31161A,-0.00045880443617450867
C3,721000,713200,,311700,5.227644916654568e-05
C3,721000,713200,,311810,-0.00013673393239630144
C3,721000,713200,,3118A0,2.0548162740087875e-05
C3,721000,713200,,311910,-0.0002710587265094876
C3,721000,713200,,311920,-0.00013070905843346113
C3,721000,713200,,311930,0.00014831430102560007
C3,721000,713200,,311940,-2.7017791323357145e-05
C3,721000,713200,,311990,1.9237396596709367e-05
C3,721000,713200,,312110,-0.00019290407014475573
C3,721000,713200,,312120,-0.0005481515901415396
C3,721000,713200,,312130,-0.00017904282439400244
C3,721000,713200,,312140,4.117281577864768e-05
C3,721000,713200,,313200,9.115507282742962e-08
C3,721000,713200,,313300,-1.6650570395853557e-05
C3,721000,713200,,314110,1.1294786789070009e-06
C3,721000,713200,,314120,7.507408665079975e-06
C3,721000,713200,,314900,-7.465668893009815e-05
C3,721000,713200,,315000,6.988532680304769e-06
C3,721000,713200,,316000,3.7432365309115384e-08
C3,721000,713200,,322110,2.5891500162976313e-10
C3,721000,713200,,322120,-2.840617818046165e-05
C3,721000,713200,,322130,-8.75968881079137e-05
C3,721000,713200,,322210,9.981658451636795e-05
C3,721000,713200,,322220,-3.472337803206445e-06
C3,721000,713200,,322230,8.53678481088524e-07
C3,721000,713200,,322299,4.535726068485819e-05
C3,721000,713200,,323110,-0.00027831998945909475
C3,721000,713200,,323120,7.767450048892894e-10
C3,721000,713200,,324110,-0.0007230328388151836
C3,721000,713200,,324121,4.5805902159360896e-06
C3,721000,713200,,324122,3.192949342294791e-06
C3,721000,713200,,324190,7.119746307533201e-06
C3,721000,713200,,325110,2.9775225187422764e-09
C3,721000,713200,,325120,1.5405442596970904e-08
C3,721000,713200,,325130,5.696130035854789e-09
C3,721000,713200,,325180,2.653878766705072e-08
C3,721000,713200,,325190,1.444607482909755e-05
C3,721000,713200,,3252A0,4.013182525261329e-09
C3,721000,713200,,325411,1.5534900097785789e-09
C3,721000,713200,,325412,3.754267523631566e-09
C3,721000,713200,,325414,1.0639846909574079e-05
C3,721000,713200,,325310,-3.3744790029871054e-06
C3,721000,713200,,325320,-3.079125771353846e-05
C3,721000,713200,,325510,-1.2247299194264414e-05
C3,721000,713200,,325520,2.12262377252204e-06
C3,721000,713200,,325610,1.2303652140652621e-06
C3,721000,713200,,325620,2.8610107680088825e-08
C3,721000,713200,,325910,3.883725024446447e-10
C3,721000,713200,,3259A0,-0.00015771288169623827
C3,721000,713200,,326110,-1.600653640382627e-05
C3,721000,713200,,326120,1.8509198474157274e-05
C3,721000,713200,,326130,5.162638032250631e-06
C3,721000,713200,,326140,8.380749413164061e-05
C3,721000,713200,,326150,7.882382023522806e-05
C3,721000,713200,,326160,1.7285255531540794e-06
C3,721000,713200,,326190,-1.8425579648680143e-05
C3,721000,713200,,326210,1.000313748129313e-06
C3,721000,713200,,326290,1.969284821851819e-06
C3,721000,713200,,423100,-2.0889108440906102e-05
C3,721000,713200,,423400,-7.559986485105316e-05
C3,721000,713200,,423600,-0.00020168207408354045
C3,721000,713200,,423800,-1.8758666263314646e-05
C3,721000,713200,,423A00,-2.0263790091770402e-05
C3,721000,713200,,424200,-5.974489146587948e-05
C3,721000,713200,,424400,-0.00022814607689404986
C3,721000,713200,,424700,-0.0001744095896570758
C3,721000,713200,,424A00,-0.0006609719609126589
C3,721000,713200,,425000,5.217539630718709e-06
C3,721000,713200,,441000,8.308248467507314e-06
C3,721000,713200,,445000,1.0124992938165766e-05
C3,721000,713200,,452000,1.2369240829096799e-05
C3,721000,713200,,444000,6.913803638873496e-05
C3,721000,713200,,446000,7.255403061763823e-07
C3,721000,713200,,447000,1.753794448453536e-07
C3,721000,713200,,454000,9.894090330767337e-06
C3,721000,713200,,4B0000,8.93410327661363e-06
C3,721000,713200,,481000,-0.00033468397263219116
C3,721000,713200,,482000,2.063889937191084e-06
C3,721000,713200,,483000,1.9117331776414524e-07
C3,721000,713200,,484000,-0.00039479345451379563
C3,721000,713200,,485000,-1.2146536212231181e-05
C3,721000,713200,,486000,-1.0737084453083718e-05
C3,721000,713200,,48A000,-0.000990663246902435
C3,721000,713200,,492000,1.6489036167898426e-07
C3,721000,713200,,493000,7.620836182976101e-06
C3,721000,713200,,511120,-1.0924586466590403e-05
C3,721000,713200,,511130,9.922304132056409e-07
C3,721000,713200,,5111A0,1.1959712311303533e-06
C3,721000,713200,,511200,-6.056596622262895e-05
C3,721000,713200,,512100,8.499511902970685e-06
C3,721000,713200,,512200,0.00012443837437163625
C3,721000,713200,,517110,-0.00023749907657701517
C3,721000,713200,,517210,-0.000914386808498367
C3,721000,713200,,517A00,-8.536842527803437e-05
C3,721000,713200,,518200,-0.00028916642235738403
C3,721000,713200,,519130,-0.00025886770843453426
C3,721000,713200,,5191A0,-0.0001409071677201777
C3,721000,713200,,522A00,-0.001598250848244487
C3,721000,713200,,52A000,-0.001500786775576537
C3,721000,713200,,523900,1.2340915128041554e-06
C3,721000,713200,,523A00,-3.872623309320732e-05
C3,721000,713200,,5241XX,-0.0005661370094068774
C3,721000,713200,,524200,-0.0004691633278706175
C3,721000,713200,,531ORE,-0.0005493127405170084
C3,721000,713200,,532100,-0.00048265076651721076
C3,721000,713200,,532400,-0.0018801102572467746
C3,721000,713200,,532A00,-3.96928484967534e-05
C3,721000,713200,,533000,-3.434905568778343e-05
C3,721000,713200,,541100,0.006671470246094047
C3,721000,713200,,541512,-0.0012549860005232956
C3,721000,713200,,54151A,-0.000401026160778881
C3,721000,713200,,541200,-0.0024386318387593932
C3,721000,713200,,541300,-0.00033017084886038093
C3,721000,713200,,541610,-0.0009171264675117521
C3,721000,713200,,5416A0,-7.506894964611297e-05
C3,721000,713200,,541700,8.105723622968027e-07
C3,721000,713200,,541800,-0.005005735121692057
C3,721000,713200,,541400,-3.790186279433724e-05
C3,721000,713200,,541920,1.1303695881589722e-06
C3,721000,713200,,541940,1.747676261000901e-08
C3,721000,713200,,5419A0,-0.00047157937769593114
C3,721000,713200,,550000,-0.0008590204468351316
C3,721000,713200,,561300,-0.0006379251048019388
C3,721000,713200,,561700,-0.001833455762200171
C3,721000,713200,,561100,-9.48076942544056e-07
C3,721000,713200,,561200,-7.006545786073033e-06
C3,721000,713200,,561400,-1.158827114136777e-05
C3,721000,713200,,561500,-6.699123905633394e-05
C3,721000,713200,,561600,-2.4623975537315315e-05
C3,721000,713200,,561900,-6.167946943889854e-05
C3,721000,713200,,562000,-0.00042863935500588247
C3,721000,713200,,611A00,2.489252293056173e-06
C3,721000,713200,,611B00,3.3233471941228133e-06
C3,721000,713200,,711100,-0.0001830002071804245
C3,721000,713200,,711200,-7.5321135586686585e-06
C3,721000,713200,,711500,-0.0008785179338278852
C3,721000,713200,,711A00,2.290268798155696e-05
C3,721000,713200,,713200,-0.000686067855488671
C3,721000,713200,,713900,4.873734688232445e-08
C3,721000,713200,,721000,-0.00035855613299505556
C3,721000,713200,,722110,-0.0001638627484345269
C3,721000,713200,,722211,5.8413844204513334e-05
C3,721000,713200,,722A00,-0.0024656186390245843
C3,721000,713200,,811100,-5.34034778842043e-06
C3,721000,713200,,811200,-0.00034201645768378687
C3,721000,713200,,811300,-0.00014990653359658244
C3,721000,713200,,811400,-6.26127187319624e-05
C3,721000,713200,,812300,-6.71313456302449e-05
C3,721000,713200,,812900,-0.00016227971076957464
C3,721000,713200,,813B00,9.373055648505393e-06
C3,721000,713200,,491000,0.00019803452262071847
C3,721000,713200,,S00203,5.2610311853491665e-05
C3,721000,713200,,S00402,-0.0008053057253915384
C3,721000,713200,,S00300,-0.00016193732164623815
C3,721000,713200,,V00100,0.4570334649125603
C3,721000,713200,,V00200,0.054586851466304674
C3,721000,713200,,V00300,0.519497844851382
C3,721000,722A00,,1111B0,4.007860885423948e-06
C3,721000,722A00,,111200,-0.0001345256432902104
C3,721000,722A00,,111300,-0.0008412578956682283
C3,721000,722A00,,111400,7.76986917377823e-06
C3,721000,722A00,,111900,7.226549171157432e-07
C3,721000,722A00,,112300,9.45250208826403e-07
C3,721000,722A00,,112A00,-0.0022469290483216066
C3,721000,722A00,,114000,-0.001647580099189479
C3,721000,722A00,,211000,5.318971735349878e-07
C3,721000,722A00,,212100,-0.0008733125199743524
C3,721000,722A00,,212230,-1.6825157913364563e-05
C3,721000,722A00,,212310,2.192053248584421e-05
C3,721000,722A00,,2123A0,8.872596482365513e-06
C3,721000,722A00,,221100,0.05395491054819267
C3,721000,722A00,,221200,-9.544662362578974e-05
C3,721000,722A00,,221300,-0.00040692942029738435
C3,721000,722A00,,230301,0.007362494046688375
C3,721000,722A00,,321100,2.2579716052801002e-05
C3,721000,722A00,,321200,2.5828555850642536e-05
C3,721000,722A00,,321910,-4.1457002210983715e-05
C3,721000,722A00,,3219A0,9.931507121092508e-06
C3,721000,722A00,,327100,-0.00015204172289696362
C3,721000,722A00,,327200,-0.0012839783428179488
C3,721000,722A00,,327310,-2.2650223479395032e-05
C3,721000,722A00,,327320,-0.0002138984574623931
C3,721000,722A00,,327330,-0.000237172395164312
C3,721000,722A00,,327390,-0.00035417290747108556
C3,721000,722A00,,327400,-0.00035514863251888575
C3,721000,722A00,,327910,1.0829823445004812e-06
C3,721000,722A00,,327991,-0.00025175676119320396
C3,721000,722A00,,327993,3.85415955795063e-06
C3,721000,722A00,,327999,1.9070060312776556e-06
C3,721000,722A00,,331110,-1.4378982174672837e-05
C3,721000,722A00,,331200,4.857846942833607e-06
C3,721000,722A00,,33131B,-9.231755729883087e-05
C3,721000,722A00,,331420,-1.5132097747790703e-05
C3,721000,722A00,,331490,-3.934318767264349e-05
C3,721000,722A00,,331510,2.0073747697659534e-08
C3,721000,722A00,,332114,1.263646073779417e-06
C3,721000,722A00,,33211A,-0.00026028810396470925
C3,721000,722A00,,332119,1.7866366693266882e-07
C3,721000,722A00,,332200,-0.0004914188089529903
C3,721000,722A00,,332310,7.775590537907904e-05
C3,721000,722A00,,332320,-0.00031207747775258973
C3,721000,722A00,,332410,-4.2847449614983074e-05
C3,721000,722A00,,332420,2.7300296868816965e-06
C3,721000,722A00,,332500,-0.00020980669198228274
C3,721000,722A00,,332600,5.101274510086208e-07
C3,721000,722A00,,332710,7.148613277600725e-06
C3,721000,722A00,,332720,-6.373797948726854e-06
C3,721000,722A00,,332800,4.356003250392118e-06
C3,721000,722A00,,332913,-7.997520255828963e-05
C3,721000,722A00,,33291A,8.917690218112568e-06
C3,721000,722A00,,332996,5.699944314962173e-06
C3,721000,722A00,,332999,-3.453828644001621e-05
C3,721000,722A00,,333112,1.3351601567168232e-07
C3,721000,722A00,,333120,2.007374769765953e-07
C3,721000,722A00,,33329A,-0.00015142642122028112
C3,721000,722A00,,333318,1.9129523028025253e-06
C3,721000,722A00,,333414,-1.7188164043285373e-05
C3,721000,722A00,,333415,-6.177149025784096e-05
C3,721000,722A00,,333413,4.918068185926585e-06
C3,721000,722A00,,33351B,1.8905004176528063e-08
C3,721000,722A00,,333618,1.9073716524526047e-08
C3,721000,722A00,,333912,-0.00010846020779047497
C3,721000,722A00,,333914,3.3723896132068014e-06
C3,721000,722A00,,333920,3.222181905849056e-05
C3,721000,722A00,,333991,4.014749539531907e-08
C3,721000,722A00,,33399A,7.828761602087218e-06
C3,721000,722A00,,334118,-0.000619715801625145
C3,721000,722A00,,334210,1.0036873848829765e-07
C3,721000,722A00,,334220,-4.567063520040229e-06
C3,721000,722A00,,334290,2.6360201703198646e-06
C3,721000,722A00,,334413,3.8147433049052095e-08
C3,721000,722A00,,334418,1.5258973219620838e-07
C3,721000,722A00,,33441A,3.914746422218558e-08
C3,721000,722A00,,334512,6.825074217204241e-06
C3,721000,722A00,,334513,1.4395686705450414e-06
C3,721000,722A00,,334514,2.079550459418087e-07
C3,721000,722A00,,33451A,2.14789100364957e-06
C3,721000,722A00,,334300,4.253625939718814e-07
C3,721000,722A00,,334610,6.767368283497566e-08
C3,721000,722A00,,335110,4.014749539531907e-08
C3,721000,722A00,,335120,0.00010600035313042521
C3,721000,722A00,,335210,2.3687022283238253e-06
C3,721000,722A00,,335220,2.509291586442431e-06
C3,721000,722A00,,335311,8.029499079063814e-08
C3,721000,722A00,,335312,1.7865635450916985e-06
C3,721000,722A00,,335313,-2.861680531048225e-05
C3,721000,722A00,,335314,9.452502088264031e-09
C3,721000,722A00,,335911,-2.4547950998041072e-05
C3,721000,722A00,,335920,-0.0002655654045745238
C3,721000,722A00,,335930,2.6964297060066126e-05
C3,721000,722A00,,335999,1.0679233775154871e-05
C3,721000,722A00,,336310,-5.415664401791584e-05
C3,721000,722A00,,336320,-4.035899570418178e-05
C3,721000,722A00,,336350,2.1345327035546118e-05
C3,721000,722A00,,336390,-0.0001799232909386975
C3,721000,722A00,,3363A0,-0.00010344746543196811
C3,721000,722A00,,337110,-0.00013518189705351034
C3,721000,722A00,,337127,1.073888361371795e-06
C3,721000,722A00,,337215,2.150190875359295e-05
C3,721000,722A00,,33721A,2.352643230165697e-05
C3,721000,722A00,,339920,6.863880059420933e-07
C3,721000,722A00,,339930,5.318971735349878e-07
C3,721000,722A00,,339950,1.8668585358823363e-06
C3,721000,722A00,,339990,-0.00011735479904103943
C3,721000,722A00,,311119,0.00341512943223825
C3,721000,722A00,,311210,-3.818662941785964e-06
C3,721000,722A00,,311221,0.008791617743857992
C3,721000,722A00,,311225,-9.969376470244826e-05
C3,721000,722A00,,311224,0.006799218307617356
C3,721000,722A00,,311300,-0.0011053992251596867
C3,721000,722A00,,311410,-0.0008317720698623876
C3,721000,722A00,,311420,-0.00250482094039718
C3,721000,722A00,,311513,0.011569848872797772
C3,721000,722A00,,311514,-0.00020182627494366866
C3,721000,722A00,,31151A,-0.0018502260207944785
C3,721000,722A00,,311520,-0.0005378095455961054
C3,721000,722A00,,311615,0.005844037830880734
C3,721000,722A00,,31161A,-0.0020994391337728962
C3,721000,722A00,,311700,-0.0018263884238052819
C3,721000,722A00,,311810,-0.0004597919309438984
C3,721000,722A00,,3118A0,-8.154703782903839e-05
C3,721000,722A00,,311910,-0.0012245989834144056
C3,721000,722A00,,311920,-0.00028501029023581816
C3,721000,722A00,,311930,-0.0007990910233618459
C3,721000,722A00,,311940,-0.0004828713332692963
C3,721000,722A00,,311990,-0.00014220782252950416
C3,721000,722A00,,312110,0.0007929982229637005
C3,721000,722A00,,312120,-0.0018201918649818792
C3,721000,722A00,,312130,0.035434752472179615
C3,721000,722A00,,312140,0.0027442735695655434
C3,721000,722A00,,313200,1.405162338836167e-07
C3,721000,722A00,,313300,1.537515412207859e-05
C3,721000,722A00,,314110,6.142566795483817e-06
C3,721000,722A00,,314120,-0.00026073323264462115
C3,721000,722A00,,314900,-9.777465744858055e-06
C3,721000,722A00,,315000,-0.00015142642122028112
C3,721000,722A00,,316000,5.705243722558016e-08
C3,721000,722A00,,322120,-0.00014920177564726908
C3,721000,722A00,,322130,-0.00021902597856660662
C3,721000,722A00,,322210,-2.6441391039334146e-05
C3,721000,722A00,,322220,-9.594907273591597e-06
C3,721000,722A00,,322230,1.7149473637273643e-07
C3,721000,722A00,,322299,-0.0016654921308792386
C3,721000,722A00,,323110,-0.0004152294911439639
C3,721000,722A00,,324110,-0.0005869273951090629
C3,721000,722A00,,324121,5.358690604101961e-06
C3,721000,722A00,,324122,1.4573540828500822e-05
C3,721000,722A00,,324190,-0.00025602879400813696
C3,721000,722A00,,325180,2.0073747697659534e-08
C3,721000,722A00,,325190,-0.0009876267285506173
C3,721000,722A00,,325414,1.0433322938915746e-05
C3,721000,722A00,,325310,7.365951092961934e-06
C3,721000,722A00,,325320,4.7870745618148896e-06
C3,721000,722A00,,325510,-4.021874495883486e-06
C3,721000,722A00,,325520,3.0855865520689e-07
C3,721000,722A00,,325610,-7.96411803566363e-06
C3,721000,722A00,,3259A0,2.8775754040242685e-05
C3,721000,722A00,,326110,-1.3315707516032444e-05
C3,721000,722A00,,326120,-0.00026392841525018566
C3,721000,722A00,,326130,-0.00010095094748018738
C3,721000,722A00,,326140,-0.0004607042355198717
C3,721000,722A00,,326150,-0.0018577403129091132
C3,721000,722A00,,326160,-8.412578956682282e-06
C3,721000,722A00,,326190,-0.00097280736826465
C3,721000,722A00,,326210,-6.983380940777956e-05
C3,721000,722A00,,326290,-3.883102140408823e-05
C3,721000,722A00,,423100,-8.744913150205413e-05
C3,721000,722A00,,423400,0.0034037829756597333
C3,721000,722A00,,423600,-0.0001846275201157469
C3,721000,722A00,,423800,-0.0003407870619123638
C3,721000,722A00,,423A00,-0.0015655556170568808
C3,721000,722A00,,424200,-9.934377461667595e-05
C3,721000,722A00,,424400,0.0019657197386995806
C3,721000,722A00,,424700,-0.00019606137632993695
C3,721000,722A00,,424A00,0.01871872366212151
C3,721000,722A00,,425000,0.00012340136672301562
C3,721000,722A00,,441000,-3.453073096843584e-05
C3,721000,722A00,,445000,0.0001426342585127965
C3,721000,722A00,,452000,2.1202217831709503e-06
C3,721000,722A00,,444000,0.00019900333721053386
C3,721000,722A00,,446000,-8.403126454594016e-06
C3,721000,722A00,,447000,9.586247675176975e-08
C3,721000,722A00,,454000,5.088177277327979e-05
C3,721000,722A00,,4B0000,5.064814450068803e-05
C3,721000,722A00,,481000,-0.002121428531757495
C3,721000,722A00,,482000,0.0006368938638341
C3,721000,722A00,,483000,-1.9589192984933987e-05
C3,721000,722A00,,484000,-0.0005192550541691457
C3,721000,722A00,,485000,-0.0005723110498849099
C3,721000,722A00,,486000,-1.3734251957598885e-05
C3,721000,722A00,,48A000,0.00011945221779636191
C3,721000,722A00,,492000,-0.00012028545016988473
C3,721000,722A00,,493000,0.020014596209439756
C3,721000,722A00,,511110,4.3481509606014534e-07
C3,721000,722A00,,511120,-5.653343524016968e-05
C3,721000,722A00,,511130,7.61261537501062e-08
C3,721000,722A00,,5111A0,3.7810008353056126e-08
C3,721000,722A00,,511200,1.2893794738398426e-05
C3,721000,722A00,,512100,-0.00032702678496353906
C3,721000,722A00,,512200,-0.003388076170346134
C3,721000,722A00,,517110,-0.0020150824089529866
C3,721000,722A00,,517210,0.004486568255315682
C3,721000,722A00,,517A00,-4.189382000467622e-05
C3,721000,722A00,,518200,-0.0025503370710251946
C3,721000,722A00,,519130,-0.0016586649034635755
C3,721000,722A00,,5191A0,1.3490236316178853e-05
C3,721000,722A00,,522A00,0.09279532715397466
C3,721000,722A00,,52A000,-0.003796608628445748
C3,721000,722A00,,523900,-6.625454602290198e-05
C3,721000,722A00,,523A00,0.14870120450402144
C3,721000,722A00,,5241XX,0.003174673729481642
C3,721000,722A00,,524200,3.3887404060230596e-05
C3,721000,722A00,,531ORE,-0.027801230906038768
C3,721000,722A00,,532100,-0.000572601852162109
C3,721000,722A00,,532400,-0.0010756513372447963
C3,721000,722A00,,532A00,-4.365536187639373e-05
C3,721000,722A00,,533000,0.024558725475972487
C3,721000,722A00,,541100,0.009141830772251055
C3,721000,722A00,,541512,-0.002132364368568694
C3,721000,722A00,,54151A,-0.00035951956121391295
C3,721000,722A00,,541200,0.015770306360393584
C3,721000,722A00,,541300,-0.0015615920994118597
C3,721000,722A00,,541610,-0.0006306393609350243
C3,721000,722A00,,5416A0,-0.00022180228457601464
C3,721000,722A00,,541800,0.01811225713549654
C3,721000,722A00,,541400,-0.00015397029336491192
C3,721000,722A00,,541920,1.424623807159524e-07
C3,721000,722A00,,5419A0,-0.0008700448911585557
C3,721000,722A00,,550000,0.4007670488058515
C3,721000,722A00,,561300,0.03451730914668341
C3,721000,722A00,,561700,-0.0015529848167354404
C3,721000,722A00,,561100,-0.0003864526515776694
C3,721000,722A00,,561200,-0.00035774996078460236
C3,721000,722A00,,561400,-0.0007249233797487425
C3,721000,722A00,,561500,-0.00044993975343486734
C3,721000,722A00,,561600,-0.0010008075169429414
C3,721000,722A00,,561900,-0.00020888633888035038
C3,721000,722A00,,562000,-0.0007413904647611529
C3,721000,722A00,,611A00,5.55215246391819e-06
C3,721000,722A00,,611B00,2.5803597471477057e-06
C3,721000,722A00,,711100,-0.0007445073678305906
C3,721000,722A00,,711200,-0.00010698560026826955
C3,721000,722A00,,711500,2.033814567822829e-05
C3,721000,722A00,,711A00,-0.00020706011380112625
C3,721000,722A00,,713100,-0.0009337962641917331
C3,721000,722A00,,713200,0.00010584753753346256
C3,721000,722A00,,713900,-0.00413752800278625
C3,721000,722A00,,721000,0.012423060788659113
C3,721000,722A00,,722110,-0.001541353575841161
C3,721000,722A00,,722211,-0.000778740518413687
C3,721000,722A00,,722A00,-0.0027128788068915394
C3,721000,722A00,,811100,0.004662573985442866
C3,721000,722A00,,811200,-0.0011560356534847068
C3,721000,722A00,,811300,0.012888768145655614
C3,721000,722A00,,811400,-0.0007386426229644675
C3,721000,722A00,,812300,-0.0016737194806313662
C3,721000,722A00,,812900,3.088861178391949e-05
C3,721000,722A00,,813B00,-0.00019914870437642862
C3,721000,722A00,,491000,-0.0002918219646108414
C3,721000,722A00,,S00203,-0.0005480302911020909
C3,721000,722A00,,S00402,0.00012393204143365216
C3,721000,722A00,,S00300,-0.0008202963108475886
C3,721000,722A00,,V00100,-0.44096915624775107
C3,721000,722A00,,V00200,0.06322736171294342
C3,721000,722A00,,V00300,0.5273605448819714
