source_industry,commodity,destination_industry,share,delta,rule_id,va_mix
113000,2332D0,2332D0,1.0,515000000.0,default,
115000,2332D0,2332D0,1.0,322000000.0,default,
211000,213111,213111,0.9946292088411485,4815000000.0,default,
211000,21311A,21311A,1.0,8085000000.0,default,
211000,233240,233240,1.0,835000000.0,default,
211000,424700,424700,1.0,1362000000.0,default,
211000,541511,541511,1.0,115000000.0,default,
211000,541700,541700,1.0,946000000.0,default,
212100,21311A,21311A,0.9955665898208902,5614000000.0,default,
212100,233240,233240,1.0,3387000000.0,default,
212100,423A00,423A00,1.0,81000000.0,default,
212100,541511,541511,1.0,1000000.0,default,
212100,541700,541700,1.0,8000000.0,default,
212230,233240,233240,1.0,698000000.0,default,
212230,541700,541700,1.0,24000000.0,default,
2122A0,21311A,21311A,1.0,352000000.0,default,
2122A0,233240,233240,1.0,1116000000.0,default,
2122A0,423A00,423A00,1.0,4000000.0,default,
2122A0,541700,541700,1.0,44000000.0,default,
212310,233240,233240,1.0,2158000000.0,default,
212310,423A00,423A00,1.0,101000000.0,C1,dest
212310,541700,541700,1.0,12000000.0,default,
2123A0,21311A,21311A,0.2,1000000.0,default,
2123A0,233240,233240,1.0,2335000000.0,default,
2123A0,423A00,423A00,1.0,236000000.0,C1,dest
2123A0,541700,541700,1.0,16000000.0,default,
213111,211000,211000,1.0,14000000.0,default,
213111,21311A,21311A,0.7742178665661515,2054000000.0,default,
213111,233240,233240,1.0,1439000000.0,default,
213111,424700,424700,1.0,84000000.0,default,
213111,541511,541511,1.0,7000000.0,default,
213111,541700,541700,1.0,75000000.0,default,
21311A,211000,211000,1.0,240000000.0,default,
21311A,233240,233240,1.0,4755000000.0,default,
21311A,423A00,423A00,1.0,4000000.0,default,
21311A,424700,424700,1.0,285000000.0,default,
21311A,541511,541511,1.0,30000000.0,default,
21311A,541700,541700,1.0,269000000.0,default,
221100,221200,221200,0.02987520484053952,237000000.0,default,
221100,221300,221300,1.0,1024000000.0,default,
221100,233240,233240,1.0,2077000000.0,C3,
221100,423800,423800,1.0,1415000000.0,default,
221100,444000,444000,1.0,824000000.0,default,
221100,4B0000,4B0000,1.0,2000000.0,default,
221100,486000,486000,1.0,965000000.0,default,
221100,541511,541511,1.0,357000000.0,default,
221100,541700,541700,1.0,107000000.0,default,
221200,233240,233240,1.0,544000000.0,default,
221200,4B0000,4B0000,1.0,3000000.0,default,
221200,486000,486000,1.0,1584000000.0,default,
221200,541511,541511,1.0,135000000.0,default,
221200,541700,541700,1.0,28000000.0,default,
221300,221100,221100,1.0,323000000.0,default,
221300,221200,221200,1.0,318000000.0,default,
221300,2332D0,2332D0,1.0,1000000.0,default,
221300,233240,233240,1.0,14000000.0,default,
221300,444000,444000,1.0,5000000.0,default,
221300,541511,541511,1.0,1000000.0,default,
221300,541700,541700,1.0,3000000.0,default,
221300,562000,562000,1.0,5000000.0,default,
230301,541511,541511,1.0,386000000.0,default,
230301,541700,541700,1.0,15000000.0,default,
321100,233230,233230,1.0,46000000.0,default,
321100,423A00,423A00,1.0,424000000.0,default,
321100,541700,541700,1.0,39000000.0,default,
321200,233230,233230,1.0,101000000.0,default,
321200,423A00,423A00,1.0,217000000.0,default,
321200,541511,541511,1.0,1000000.0,default,
321200,541700,541700,1.0,19000000.0,default,
321910,233230,233230,1.0,234000000.0,default,
321910,423A00,423A00,1.0,344000000.0,default,
321910,541511,541511,1.0,7000000.0,default,
321910,541700,541700,1.0,20000000.0,default,
3219A0,233230,233230,1.0,221000000.0,default,
3219A0,423800,423800,1.0,118000000.0,default,
3219A0,423A00,423A00,1.0,50000000.0,default,
3219A0,541511,541511,1.0,9000000.0,default,
3219A0,541700,541700,1.0,22000000.0,default,
327100,233230,233230,1.0,51000000.0,default,
327100,423A00,423A00,1.0,82000000.0,default,
327100,541511,541511,1.0,4000000.0,default,
327100,541700,541700,1.0,69000000.0,default,
327200,233230,233230,1.0,164000000.0,default,
327200,423A00,423A00,1.0,29000000.0,default,
327200,541511,541511,1.0,8000000.0,default,
327200,541700,541700,1.0,155000000.0,default,
327310,233230,233230,1.0,41000000.0,default,
327310,423A00,423A00,1.0,66000000.0,default,
327310,541511,541511,1.0,1000000.0,default,
327310,541700,541700,1.0,36000000.0,default,
327320,233230,233230,1.0,145000000.0,default,
327320,423A00,423A00,1.0,273000000.0,default,
327320,541511,541511,1.0,9000000.0,default,
327320,541700,541700,1.0,181000000.0,default,
327330,233230,233230,1.0,40000000.0,default,
327330,423A00,423A00,1.0,247000000.0,default,
327330,541511,541511,1.0,3000000.0,default,
327330,541700,541700,1.0,50000000.0,default,
327390,233230,233230,1.0,61000000.0,default,
327390,423A00,423A00,1.0,82000000.0,default,
327390,541511,541511,1.0,5000000.0,default,
327390,541700,541700,1.0,94000000.0,default,
327400,233230,233230,1.0,42000000.0,default,
327400,423A00,423A00,1.0,61000000.0,default,
327400,541511,541511,1.0,1000000.0,default,
327400,541700,541700,1.0,32000000.0,default,
327910,233230,233230,1.0,37000000.0,default,
327910,423A00,423A00,1.0,108000000.0,default,
327910,541511,541511,1.0,1000000.0,default,
327910,541700,541700,1.0,19000000.0,default,
327991,233230,233230,1.0,26000000.0,default,
327991,423A00,423A00,1.0,7000000.0,default,
327991,541511,541511,1.0,3000000.0,default,
327991,541700,541700,1.0,47000000.0,default,
327992,233230,233230,1.0,25000000.0,default,
327992,423A00,423A00,1.0,17000000.0,default,
327992,541511,541511,1.0,1000000.0,default,
327992,541700,541700,1.0,15000000.0,default,
327993,233230,233230,1.0,34000000.0,default,
327993,423A00,423A00,1.0,40000000.0,default,
327993,541511,541511,1.0,2000000.0,default,
327993,541700,541700,1.0,36000000.0,default,
327999,233230,233230,1.0,29000000.0,default,
327999,423A00,423A00,1.0,174000000.0,default,
327999,541511,541511,1.0,1000000.0,default,
327999,541700,541700,1.0,23000000.0,default,
331110,233230,233230,1.0,77000000.0,default,
331110,423A00,423A00,1.0,114000000.0,default,
331110,541511,541511,1.0,24000000.0,default,
331110,541700,541700,1.0,149000000.0,default,
331200,233230,233230,1.0,21000000.0,default,
331200,423A00,423A00,1.0,117000000.0,default,
331200,541511,541511,1.0,8000000.0,default,
331200,541700,541700,1.0,152000000.0,default,
331314,233230,233230,1.0,7000000.0,default,
331314,423A00,423A00,1.0,53000000.0,default,
331314,541511,541511,1.0,1000000.0,default,
331314,541700,541700,1.0,5000000.0,default,
331313,233230,233230,1.0,7000000.0,default,
331313,423A00,423A00,1.0,2000000.0,default,
331313,541511,541511,1.0,1000000.0,default,
331313,541700,541700,1.0,9000000.0,default,
33131B,233230,233230,1.0,29000000.0,default,
33131B,423A00,423A00,1.0,259000000.0,default,
33131B,541511,541511,1.0,6000000.0,default,
33131B,541700,541700,1.0,42000000.0,default,
331410,233230,233230,1.0,7000000.0,default,
331410,423A00,423A00,1.0,25000000.0,default,
331410,541511,541511,1.0,2000000.0,default,
331410,541700,541700,1.0,17000000.0,default,
331420,233230,233230,1.0,10000000.0,default,
331420,423A00,423A00,1.0,152000000.0,default,
331420,541511,541511,1.0,6000000.0,default,
331420,541700,541700,1.0,48000000.0,default,
331490,233230,233230,1.0,10000000.0,default,
331490,423A00,423A00,1.0,55000000.0,default,
331490,541511,541511,1.0,5000000.0,default,
331490,541700,541700,1.0,44000000.0,default,
331510,233230,233230,1.0,14000000.0,default,
331510,423A00,423A00,1.0,222000000.0,default,
331510,541511,541511,1.0,9000000.0,default,
331510,541700,541700,1.0,44000000.0,default,
331520,233230,233230,1.0,10000000.0,default,
331520,423A00,423A00,1.0,125000000.0,default,
331520,541511,541511,1.0,8000000.0,default,
331520,541700,541700,1.0,36000000.0,default,
332114,233230,233230,1.0,14000000.0,default,
332114,423A00,423A00,1.0,42000000.0,default,
332114,541511,541511,1.0,2000000.0,default,
332114,541700,541700,1.0,9000000.0,default,
33211A,233230,233230,1.0,24000000.0,default,
33211A,423A00,423A00,1.0,155000000.0,default,
33211A,541511,541511,1.0,15000000.0,default,
33211A,541700,541700,1.0,57000000.0,default,
332119,233230,233230,1.0,20000000.0,default,
332119,423A00,423A00,1.0,28000000.0,default,
332119,541511,541511,1.0,20000000.0,default,
332119,541700,541700,1.0,67000000.0,default,
332200,233230,233230,1.0,11000000.0,default,
332200,423A00,423A00,1.0,337000000.0,default,
332200,541511,541511,1.0,14000000.0,default,
332200,541700,541700,1.0,139000000.0,default,
332310,233230,233230,1.0,1178000000.0,default,
332310,423A00,423A00,1.0,1036000000.0,default,
332310,541511,541511,1.0,29000000.0,default,
332310,541700,541700,1.0,473000000.0,default,
332320,2332A0,2332A0,1.0,102000000.0,default,
332320,233230,233230,1.0,320000000.0,default,
332320,423A00,423A00,1.0,727000000.0,default,
332320,541511,541511,1.0,38000000.0,default,
332320,541700,541700,1.0,335000000.0,default,
332410,233230,233230,1.0,66000000.0,default,
332410,423A00,423A00,1.0,84000000.0,default,
332410,541511,541511,1.0,4000000.0,default,
332410,541700,541700,1.0,16000000.0,default,
332420,2332A0,2332A0,1.0,84000000.0,default,
332420,233230,233230,1.0,83000000.0,default,
332420,423A00,423A00,1.0,20000000.0,default,
332420,541511,541511,1.0,6000000.0,default,
332420,541700,541700,1.0,131000000.0,default,
332430,233230,233230,1.0,165000000.0,default,
332430,423A00,423A00,1.0,55000000.0,default,
332430,541511,541511,1.0,6000000.0,default,
332430,541700,541700,1.0,24000000.0,default,
332500,233230,233230,1.0,8000000.0,default,
332500,423A00,423A00,1.0,32000000.0,default,
332500,541511,541511,1.0,9000000.0,default,
332500,541700,541700,1.0,37000000.0,default,
332600,233230,233230,1.0,14000000.0,default,
332600,423A00,423A00,1.0,179000000.0,default,
332600,541511,541511,1.0,16000000.0,default,
332600,541700,541700,1.0,55000000.0,default,
332710,233230,233230,1.0,111000000.0,default,
332710,423800,423800,1.0,73000000.0,default,
332710,541511,541511,1.0,36000000.0,default,
332710,541700,541700,1.0,383000000.0,default,
332720,233230,233230,1.0,5000000.0,default,
332720,423A00,423A00,1.0,304000000.0,default,
332720,541511,541511,1.0,11000000.0,default,
332720,541700,541700,1.0,56000000.0,default,
332800,233230,233230,1.0,16000000.0,default,
332800,423A00,423A00,1.0,83000000.0,default,
332800,541511,541511,1.0,6000000.0,default,
332800,541700,541700,1.0,93000000.0,default,
332913,233230,233230,1.0,6000000.0,default,
332913,423A00,423A00,1.0,130000000.0,default,
332913,541511,541511,1.0,4000000.0,default,
332913,541700,541700,1.0,15000000.0,default,
33291A,233230,233230,1.0,47000000.0,default,
33291A,423A00,423A00,1.0,335000000.0,default,
33291A,541511,541511,1.0,28000000.0,default,
33291A,541700,541700,1.0,799000000.0,default,
332991,233230,233230,1.0,12000000.0,default,
332991,423A00,423A00,1.0,12000000.0,default,
332991,541511,541511,1.0,10000000.0,default,
332991,541700,541700,1.0,39000000.0,default,
332996,233230,233230,1.0,14000000.0,default,
332996,423A00,423A00,1.0,74000000.0,default,
332996,541511,541511,1.0,12000000.0,default,
332996,541700,541700,1.0,45000000.0,default,
33299A,233230,233230,1.0,23000000.0,default,
33299A,423A00,423A00,1.0,186000000.0,default,
33299A,541511,541511,1.0,17000000.0,default,
33299A,541700,541700,1.0,79000000.0,default,
332999,233230,233230,1.0,24000000.0,default,
332999,423A00,423A00,1.0,169000000.0,default,
332999,541511,541511,1.0,30000000.0,default,
332999,541700,541700,1.0,103000000.0,default,
333111,233230,233230,1.0,43000000.0,default,
333111,423800,423800,1.0,70000000.0,default,
333111,541511,541511,1.0,45000000.0,default,
333111,541700,541700,1.0,348000000.0,default,
333112,233230,233230,1.0,10000000.0,default,
333112,423800,423800,1.0,1000000.0,default,
333112,541511,541511,1.0,13000000.0,default,
333112,541700,541700,1.0,60000000.0,default,
333120,233230,233230,1.0,50000000.0,default,
333120,423800,423800,1.0,291000000.0,default,
333120,541511,541511,1.0,49000000.0,default,
333120,541700,541700,1.0,385000000.0,default,
333130,233230,233230,1.0,41000000.0,default,
333130,423800,423800,1.0,76000000.0,default,
333130,541511,541511,1.0,49000000.0,default,
333130,541700,541700,1.0,462000000.0,default,
333242,233230,233230,1.0,13000000.0,default,
333242,423800,423800,1.0,192000000.0,default,
333242,541511,541511,1.0,15000000.0,default,
333242,541700,541700,1.0,272000000.0,default,
33329A,233230,233230,1.0,109000000.0,default,
33329A,423800,423800,1.0,240000000.0,default,
33329A,541511,541511,1.0,73000000.0,default,
33329A,541700,541700,1.0,507000000.0,default,
333314,233230,233230,1.0,4000000.0,default,
333314,423400,423400,1.0,6000000.0,default,
333314,541511,541511,1.0,19000000.0,default,
333314,541700,541700,1.0,413000000.0,default,
333316,233230,233230,1.0,2000000.0,default,
333316,423400,423400,1.0,4000000.0,default,
333316,541511,541511,1.0,7000000.0,default,
333316,541700,541700,1.0,141000000.0,default,
333318,233230,233230,1.0,15000000.0,default,
333318,423400,423400,1.0,56000000.0,default,
333318,541511,541511,1.0,61000000.0,default,
333318,541700,541700,1.0,1032000000.0,default,
333414,233230,233230,1.0,9000000.0,default,
333414,423A00,423A00,1.0,78000000.0,default,
333414,541511,541511,1.0,11000000.0,default,
333414,541700,541700,1.0,65000000.0,default,
333415,2332A0,2332A0,1.0,7000000.0,default,
333415,233230,233230,1.0,58000000.0,default,
333415,423A00,423A00,1.0,146000000.0,default,
333415,541511,541511,1.0,67000000.0,default,
333415,541700,541700,1.0,407000000.0,default,
333413,233230,233230,1.0,12000000.0,default,
333413,423A00,423A00,1.0,80000000.0,default,
333413,541511,541511,1.0,23000000.0,default,
333413,541700,541700,1.0,132000000.0,default,
333511,233230,233230,1.0,5000000.0,default,
333511,423A00,423A00,1.0,20000000.0,default,
333511,541511,541511,1.0,11000000.0,default,
333511,541700,541700,1.0,106000000.0,default,
333514,233230,233230,1.0,6000000.0,default,
333514,423800,423800,1.0,180000000.0,default,
333514,541511,541511,1.0,18000000.0,default,
333514,541700,541700,1.0,154000000.0,default,
333517,233230,233230,1.0,38000000.0,default,
333517,423800,423800,1.0,69000000.0,default,
333517,541511,541511,1.0,12000000.0,default,
333517,541700,541700,1.0,132000000.0,default,
33351B,233230,233230,1.0,20000000.0,default,
33351B,423800,423800,1.0,222000000.0,default,
33351B,541511,541511,1.0,11000000.0,default,
33351B,541700,541700,1.0,178000000.0,default,
333611,233230,233230,1.0,31000000.0,default,
333611,423800,423800,1.0,66000000.0,default,
333611,541511,541511,1.0,14000000.0,default,
333611,541700,541700,1.0,393000000.0,default,
333612,233230,233230,1.0,1000000.0,default,
333612,423800,423800,1.0,7000000.0,default,
333612,541511,541511,1.0,6000000.0,default,
333612,541700,541700,1.0,107000000.0,default,
333613,233230,233230,1.0,1000000.0,default,
333613,423800,423800,1.0,9000000.0,default,
333613,541511,541511,1.0,7000000.0,default,
333613,541700,541700,1.0,119000000.0,default,
333618,233230,233230,1.0,8000000.0,default,
333618,423800,423800,1.0,29000000.0,default,
333618,541511,541511,1.0,24000000.0,default,
333618,541700,541700,1.0,576000000.0,default,
333912,233230,233230,1.0,13000000.0,default,
333912,423800,423800,1.0,44000000.0,default,
333912,541511,541511,1.0,15000000.0,default,
333912,541700,541700,1.0,124000000.0,default,
333914,233230,233230,1.0,20000000.0,default,
333914,423800,423800,1.0,317000000.0,default,
333914,541511,541511,1.0,22000000.0,default,
333914,541700,541700,1.0,166000000.0,default,
333920,233230,233230,1.0,38000000.0,default,
333920,423800,423800,1.0,707000000.0,default,
333920,541511,541511,1.0,62000000.0,default,
333920,541700,541700,1.0,405000000.0,default,
333991,233230,233230,1.0,5000000.0,default,
333991,423800,423800,1.0,128000000.0,default,
333991,541511,541511,1.0,7000000.0,default,
333991,541700,541700,1.0,47000000.0,default,
333993,233230,233230,1.0,7000000.0,default,
333993,423800,423800,1.0,95000000.0,default,
333993,541511,541511,1.0,16000000.0,default,
333993,541700,541700,1.0,115000000.0,default,
333994,233230,233230,1.0,3000000.0,default,
333994,423800,423800,1.0,11000000.0,default,
333994,541511,541511,1.0,7000000.0,default,
333994,541700,541700,1.0,52000000.0,default,
33399A,233230,233230,1.0,43000000.0,default,
33399A,423800,423800,1.0,249000000.0,default,
33399A,541511,541511,1.0,44000000.0,default,
33399A,541700,541700,1.0,315000000.0,default,
33399B,233230,233230,1.0,14000000.0,default,
33399B,423800,423800,1.0,403000000.0,default,
33399B,541511,541511,1.0,26000000.0,default,
33399B,541700,541700,1.0,621000000.0,default,
334111,233230,233230,1.0,1000000.0,default,
334111,423400,423400,1.0,107000000.0,default,
334111,541511,541511,1.0,168000000.0,default,
334111,541700,541700,1.0,9918000000.0,default,
334112,233230,233230,1.0,1000000.0,default,
334112,423400,423400,1.0,16000000.0,default,
334112,541511,541511,1.0,29000000.0,default,
334112,541700,541700,1.0,1194000000.0,default,
334118,233230,233230,1.0,2000000.0,default,
334118,423400,423400,1.0,69000000.0,default,
334118,541511,541511,1.0,65000000.0,default,
334118,541700,541700,1.0,1965000000.0,default,
334210,233230,233230,1.0,2000000.0,default,
334210,423600,423600,1.0,39000000.0,default,
334210,541511,541511,1.0,29000000.0,default,
334210,541700,541700,1.0,2549000000.0,default,
334220,233230,233230,1.0,6000000.0,default,
334220,423600,423600,1.0,4000000.0,default,
334220,541511,541511,1.0,71000000.0,default,
334220,541700,541700,1.0,4059000000.0,default,
334290,233230,233230,1.0,1000000.0,default,
334290,423600,423600,1.0,55000000.0,default,
334290,541511,541511,1.0,27000000.0,default,
334290,541700,541700,1.0,1167000000.0,default,
334413,233230,233230,1.0,3000000.0,default,
334413,423600,423600,1.0,420000000.0,default,
334413,541511,541511,1.0,241000000.0,default,
334413,541700,541700,1.0,12646000000.0,default,
334418,233230,233230,1.0,1000000.0,default,
334418,423600,423600,1.0,296000000.0,default,
334418,541511,541511,1.0,74000000.0,default,
334418,541700,541700,1.0,1668000000.0,default,
33441A,233230,233230,1.0,2000000.0,default,
33441A,423600,423600,1.0,275000000.0,default,
33441A,541511,541511,1.0,168000000.0,default,
33441A,541700,541700,1.0,4348000000.0,default,
334510,233230,233230,1.0,5000000.0,default,
334510,423600,423600,1.0,737000000.0,default,
334510,541511,541511,1.0,83000000.0,default,
334510,541700,541700,1.0,1170000000.0,default,
334511,233230,233230,1.0,9000000.0,default,
334511,423600,423600,1.0,114000000.0,default,
334511,541511,541511,1.0,149000000.0,default,
334511,541700,541700,1.0,2745000000.0,default,
334512,423600,423600,1.0,28000000.0,default,
334512,541511,541511,1.0,21000000.0,default,
334512,541700,541700,1.0,254000000.0,default,
334513,233230,233230,1.0,2000000.0,default,
334513,423600,423600,1.0,51000000.0,default,
334513,541511,541511,1.0,75000000.0,default,
334513,541700,541700,1.0,985000000.0,default,
334514,233230,233230,1.0,1000000.0,default,
334514,423600,423600,1.0,71000000.0,default,
334514,541511,541511,1.0,12000000.0,default,
334514,541700,541700,1.0,673000000.0,default,
334515,233230,233230,1.0,2000000.0,default,
334515,423600,423600,1.0,26000000.0,default,
334515,541511,541511,1.0,46000000.0,default,
334515,541700,541700,1.0,1250000000.0,default,
334516,233230,233230,1.0,3000000.0,default,
334516,423600,423600,1.0,137000000.0,default,
334516,541511,541511,1.0,44000000.0,default,
334516,541700,541700,1.0,583000000.0,default,
334517,233230,233230,1.0,2000000.0,default,
334517,423600,423600,1.0,45000000.0,default,
334517,541511,541511,1.0,16000000.0,default,
334517,541700,541700,1.0,218000000.0,default,
33451A,233230,233230,1.0,2000000.0,default,
33451A,423600,423600,1.0,40000000.0,default,
33451A,541511,541511,1.0,44000000.0,default,
33451A,541700,541700,1.0,1178000000.0,default,
334300,423600,423600,1.0,83000000.0,default,
334300,541511,541511,1.0,29000000.0,default,
334300,541700,541700,1.0,131000000.0,default,
334610,423600,423600,1.0,2000000.0,default,
334610,423A00,423A00,1.0,9000000.0,default,
334610,541511,541511,1.0,14000000.0,default,
334610,541700,541700,1.0,49000000.0,default,
335110,233230,233230,1.0,1000000.0,default,
335110,423600,423600,1.0,51000000.0,default,
335110,541511,541511,1.0,4000000.0,default,
335110,541700,541700,1.0,38000000.0,default,
335120,233230,233230,1.0,6000000.0,default,
335120,423600,423600,1.0,478000000.0,default,
335120,541511,541511,1.0,23000000.0,default,
335120,541700,541700,1.0,163000000.0,default,
335210,233230,233230,1.0,2000000.0,default,
335210,423600,423600,1.0,190000000.0,default,
335210,541511,541511,1.0,3000000.0,default,
335210,541700,541700,1.0,60000000.0,default,
335220,233230,233230,1.0,9000000.0,default,
335220,423600,423600,1.0,273000000.0,default,
335220,541511,541511,1.0,12000000.0,default,
335220,541700,541700,1.0,266000000.0,default,
335311,233230,233230,1.0,5000000.0,default,
335311,423600,423600,1.0,62000000.0,default,
335311,541511,541511,1.0,21000000.0,default,
335311,541700,541700,1.0,202000000.0,default,
335312,233230,233230,1.0,10000000.0,default,
335312,423100,423100,1.0,248000000.0,default,
335312,541511,541511,1.0,29000000.0,default,
335312,541700,541700,1.0,257000000.0,default,
335313,233230,233230,1.0,10000000.0,default,
335313,423600,423600,1.0,269000000.0,default,
335313,541511,541511,1.0,27000000.0,default,
335313,541700,541700,1.0,269000000.0,default,
335314,233230,233230,1.0,9000000.0,default,
335314,423600,423600,1.0,99000000.0,default,
335314,541511,541511,1.0,37000000.0,default,
335314,541700,541700,1.0,403000000.0,default,
335911,233230,233230,1.0,2000000.0,default,
335911,423600,423600,1.0,119000000.0,default,
335911,541511,541511,1.0,12000000.0,default,
335911,541700,541700,1.0,97000000.0,default,
335912,233230,233230,1.0,1000000.0,default,
335912,423600,423600,1.0,1000000.0,default,
335912,541511,541511,1.0,8000000.0,default,
335912,541700,541700,1.0,63000000.0,default,
335920,233230,233230,1.0,5000000.0,default,
335920,423600,423600,1.0,130000000.0,default,
335920,541511,541511,1.0,16000000.0,default,
335920,541700,541700,1.0,134000000.0,default,
335930,233230,233230,1.0,4000000.0,default,
335930,423600,423600,1.0,310000000.0,default,
335930,541511,541511,1.0,29000000.0,default,
335930,541700,541700,1.0,229000000.0,default,
335991,233230,233230,1.0,1000000.0,default,
335991,423600,423600,1.0,97000000.0,default,
335991,541511,541511,1.0,5000000.0,default,
335991,541700,541700,1.0,40000000.0,default,
335999,233230,233230,1.0,3000000.0,default,
335999,423600,423600,1.0,20000000.0,default,
335999,541511,541511,1.0,20000000.0,default,
335999,541700,541700,1.0,166000000.0,default,
336111,233230,233230,1.0,41000000.0,default,
336111,423100,423100,1.0,71000000.0,default,
336111,541511,541511,1.0,33000000.0,default,
336111,541700,541700,1.0,2449000000.0,default,
336112,233230,233230,1.0,121000000.0,default,
336112,541511,541511,1.0,18000000.0,default,
336112,541700,541700,1.0,1249000000.0,default,
336120,233230,233230,1.0,22000000.0,default,
336120,423100,423100,1.0,61000000.0,default,
336120,541511,541511,1.0,8000000.0,default,
336120,541700,541700,1.0,452000000.0,default,
336211,233230,233230,1.0,32000000.0,default,
336211,423100,423100,1.0,127000000.0,default,
336211,541511,541511,1.0,11000000.0,default,
336211,541700,541700,1.0,441000000.0,default,
336212,233230,233230,1.0,23000000.0,default,
336212,423100,423100,1.0,44000000.0,default,
336212,541511,541511,1.0,7000000.0,default,
336212,541700,541700,1.0,249000000.0,default,
336213,233230,233230,1.0,7000000.0,default,
336213,423100,423100,1.0,6000000.0,default,
336213,541511,541511,1.0,4000000.0,default,
336213,541700,541700,1.0,158000000.0,default,
336214,233230,233230,1.0,30000000.0,default,
336214,423100,423100,1.0,66000000.0,default,
336214,541511,541511,1.0,9000000.0,default,
336214,541700,541700,1.0,362000000.0,default,
336310,233230,233230,1.0,26000000.0,default,
336310,423100,423100,1.0,197000000.0,default,
336310,541511,541511,1.0,24000000.0,default,
336310,541700,541700,1.0,1079000000.0,default,
336320,233230,233230,1.0,17000000.0,default,
336320,423100,423100,1.0,483000000.0,default,
336320,541511,541511,1.0,24000000.0,default,
336320,541700,541700,1.0,874000000.0,default,
336350,233230,233230,1.0,31000000.0,default,
336350,423100,423100,1.0,259000000.0,default,
336350,541511,541511,1.0,31000000.0,default,
336350,541700,541700,1.0,1378000000.0,default,
336360,233230,233230,1.0,20000000.0,default,
336360,423100,423100,1.0,7000000.0,default,
336360,541511,541511,1.0,28000000.0,default,
336360,541700,541700,1.0,933000000.0,default,
336370,233230,233230,1.0,26000000.0,default,
336370,423100,423100,1.0,245000000.0,default,
336370,541511,541511,1.0,34000000.0,default,
336370,541700,541700,1.0,1274000000.0,default,
336390,233230,233230,1.0,54000000.0,default,
336390,423100,423100,1.0,1806000000.0,default,
336390,541511,541511,1.0,58000000.0,default,
336390,541700,541700,1.0,2287000000.0,default,
3363A0,233230,233230,1.0,20000000.0,default,
3363A0,423100,423100,1.0,458000000.0,default,
3363A0,541511,541511,1.0,24000000.0,default,
3363A0,541700,541700,1.0,1211000000.0,default,
336411,233230,233230,1.0,57000000.0,default,
336411,423800,423800,1.0,259000000.0,default,
336411,541511,541511,1.0,244000000.0,default,
336411,541700,541700,1.0,7404000000.0,default,
336412,233230,233230,1.0,21000000.0,default,
336412,423800,423800,1.0,213000000.0,default,
336412,541511,541511,1.0,89000000.0,default,
336412,541700,541700,1.0,3203000000.0,default,
336413,233230,233230,1.0,17000000.0,default,
336413,423800,423800,1.0,73000000.0,default,
336413,541511,541511,1.0,118000000.0,default,
336413,541700,541700,1.0,2466000000.0,default,
336414,233230,233230,1.0,10000000.0,default,
336414,541511,541511,1.0,66000000.0,default,
336414,541700,541700,1.0,2854000000.0,default,
33641A,233230,233230,1.0,3000000.0,default,
33641A,541511,541511,1.0,17000000.0,default,
33641A,541700,541700,1.0,1723000000.0,default,
336500,233230,233230,1.0,13000000.0,default,
336500,423800,423800,1.0,17000000.0,C1,dest
336500,541511,541511,1.0,13000000.0,default,
336611,233230,233230,1.0,466000000.0,default,
336611,423800,423800,1.0,1000000.0,default,
336611,541511,541511,1.0,15000000.0,default,
336612,233230,233230,1.0,148000000.0,default,
336612,423800,423800,1.0,155000000.0,default,
336612,541511,541511,1.0,7000000.0,default,
336991,233230,233230,1.0,1000000.0,default,
336991,423800,423800,1.0,9000000.0,default,
336991,541511,541511,1.0,3000000.0,default,
336991,541700,541700,1.0,368000000.0,default,
336992,233230,233230,1.0,1000000.0,default,
336992,423800,423800,1.0,151000000.0,default,
336992,541511,541511,1.0,2000000.0,default,
336992,541700,541700,1.0,1140000000.0,default,
336999,233230,233230,1.0,1000000.0,default,
336999,423800,423800,1.0,9000000.0,default,
336999,541511,541511,1.0,4000000.0,default,
336999,541700,541700,1.0,421000000.0,default,
337110,233230,233230,1.0,138000000.0,default,
337110,423A00,423A00,1.0,30000000.0,default,
337110,541511,541511,1.0,12000000.0,default,
337121,233230,233230,1.0,65000000.0,default,
337121,423A00,423A00,1.0,222000000.0,default,
337121,541511,541511,1.0,6000000.0,default,
337122,233230,233230,1.0,27000000.0,default,
337122,423A00,423A00,1.0,12000000.0,default,
337122,541511,541511,1.0,3000000.0,default,
337127,233230,233230,1.0,31000000.0,default,
337127,423A00,423A00,1.0,63000000.0,default,
337127,541511,541511,1.0,3000000.0,default,
33712N,423A00,423A00,1.0,250000000.0,default,
33712N,541511,541511,1.0,1000000.0,default,
337215,233230,233230,1.0,44000000.0,default,
337215,423A00,423A00,1.0,158000000.0,default,
337215,541511,541511,1.0,5000000.0,default,
337215,541700,541700,1.0,82000000.0,default,
33721A,233230,233230,1.0,108000000.0,default,
33721A,423A00,423A00,1.0,256000000.0,default,
33721A,541511,541511,1.0,7000000.0,default,
33721A,541700,541700,1.0,135000000.0,default,
337900,233230,233230,1.0,8000000.0,default,
337900,423A00,423A00,1.0,70000000.0,default,
337900,541511,541511,1.0,1000000.0,default,
337900,541700,541700,1.0,26000000.0,default,
339112,233230,233230,1.0,4000000.0,default,
339112,423400,423400,1.0,882000000.0,default,
339112,541511,541511,1.0,100000000.0,default,
339112,541700,541700,1.0,3567000000.0,default,
339113,233230,233230,1.0,4000000.0,default,
339113,423400,423400,1.0,2115000000.0,default,
339113,541511,541511,1.0,83000000.0,default,
339113,541700,541700,1.0,2658000000.0,default,
339114,423400,423400,1.0,402000000.0,default,
339114,541511,541511,1.0,13000000.0,default,
339114,541700,541700,1.0,352000000.0,default,
339115,233230,233230,1.0,1000000.0,default,
339115,423400,423400,1.0,543000000.0,default,
339115,541511,541511,1.0,21000000.0,default,
339115,541700,541700,1.0,532000000.0,default,
339116,233230,233230,1.0,1000000.0,default,
339116,423400,423400,1.0,46000000.0,default,
339116,541511,541511,1.0,37000000.0,default,
339116,541700,541700,1.0,655000000.0,default,
339910,233230,233230,1.0,15000000.0,default,
339910,423A00,423A00,1.0,234000000.0,default,
339910,541511,541511,1.0,15000000.0,default,
339910,541700,541700,1.0,98000000.0,default,
339920,233230,233230,1.0,19000000.0,default,
339920,423A00,423A00,1.0,234000000.0,default,
339920,541511,541511,1.0,26000000.0,default,
339920,541700,541700,1.0,192000000.0,default,
339930,233230,233230,1.0,3000000.0,default,
339930,423A00,423A00,1.0,85000000.0,default,
339930,541511,541511,1.0,7000000.0,default,
339930,541700,541700,1.0,65000000.0,default,
339940,233230,233230,1.0,5000000.0,default,
339940,423A00,423A00,1.0,143000000.0,default,
339940,541511,541511,1.0,7000000.0,default,
339940,541700,541700,1.0,44000000.0,default,
339950,2332A0,2332A0,1.0,405000000.0,default,
339950,233230,233230,1.0,22000000.0,default,
339950,423A00,423A00,1.0,102000000.0,default,
339950,541511,541511,1.0,48000000.0,default,
339950,541700,541700,1.0,300000000.0,default,
339990,233230,233230,1.0,277000000.0,default,
339990,423800,423800,1.0,139000000.0,default,
339990,423A00,423A00,1.0,156000000.0,default,
339990,541511,541511,1.0,71000000.0,default,
339990,541700,541700,1.0,677000000.0,default,
311111,233230,233230,1.0,1000000.0,default,
311111,424A00,424A00,1.0,129000000.0,default,
311111,541511,541511,1.0,2000000.0,default,
311111,541700,541700,1.0,87000000.0,default,
311119,233230,233230,1.0,3000000.0,default,
311119,424A00,424A00,1.0,529000000.0,default,
311119,541511,541511,1.0,2000000.0,default,
311119,541700,541700,1.0,97000000.0,default,
311210,233230,233230,1.0,3000000.0,default,
311210,424A00,424A00,1.0,87000000.0,default,
311210,541511,541511,1.0,3000000.0,default,
311210,541700,541700,1.0,79000000.0,default,
311221,233230,233230,1.0,2000000.0,default,
311221,424A00,424A00,1.0,24000000.0,default,
311221,541511,541511,1.0,2000000.0,default,
311221,541700,541700,1.0,80000000.0,default,
311225,233230,233230,1.0,2000000.0,default,
311225,424A00,424A00,1.0,54000000.0,default,
311225,541511,541511,1.0,1000000.0,default,
311225,541700,541700,1.0,26000000.0,default,
311224,233230,233230,1.0,5000000.0,default,
311224,424A00,424A00,1.0,1261000000.0,C1,dest
311224,541511,541511,1.0,1000000.0,default,
311224,541700,541700,1.0,34000000.0,default,
311230,233230,233230,1.0,1000000.0,default,
311230,424400,424400,1.0,10000000.0,default,
311230,541511,541511,1.0,2000000.0,default,
311230,541700,541700,1.0,59000000.0,default,
311300,233230,233230,1.0,17000000.0,default,
311300,424400,424400,1.0,299000000.0,default,
311300,541511,541511,1.0,7000000.0,default,
311300,541700,541700,1.0,184000000.0,default,
311410,233230,233230,1.0,13000000.0,default,
311410,424400,424400,1.0,19000000.0,default,
311410,541511,541511,1.0,3000000.0,default,
311410,541700,541700,1.0,150000000.0,default,
311420,233230,233230,1.0,14000000.0,default,
311420,424400,424400,1.0,75000000.0,default,
311420,541511,541511,1.0,3000000.0,default,
311420,541700,541700,1.0,159000000.0,default,
311513,233230,233230,1.0,3000000.0,default,
311513,424400,424400,1.0,579000000.0,default,
311513,541511,541511,1.0,9000000.0,default,
311513,541700,541700,1.0,148000000.0,default,
311514,233230,233230,1.0,2000000.0,default,
311514,424400,424400,1.0,43000000.0,default,
311514,541511,541511,1.0,3000000.0,default,
311514,541700,541700,1.0,71000000.0,default,
31151A,233230,233230,1.0,3000000.0,default,
31151A,424400,424400,1.0,889000000.0,default,
31151A,541511,541511,1.0,10000000.0,default,
31151A,541700,541700,1.0,190000000.0,default,
311520,233230,233230,1.0,1000000.0,default,
311520,424400,424400,1.0,109000000.0,default,
311520,541511,541511,1.0,4000000.0,default,
311520,541700,541700,1.0,56000000.0,default,
311615,233230,233230,1.0,10000000.0,default,
311615,424400,424400,1.0,35000000.0,default,
311615,541511,541511,1.0,7000000.0,default,
311615,541700,541700,1.0,106000000.0,default,
31161A,233230,233230,1.0,24000000.0,default,
31161A,424400,424400,1.0,404000000.0,default,
31161A,541511,541511,1.0,8000000.0,default,
31161A,541700,541700,1.0,164000000.0,default,
311700,233230,233230,1.0,2000000.0,default,
311700,424400,424400,1.0,117000000.0,default,
311700,541700,541700,1.0,18000000.0,default,
311810,233230,233230,1.0,5000000.0,default,
311810,424400,424400,1.0,551000000.0,default,
311810,541511,541511,1.0,8000000.0,default,
311810,541700,541700,1.0,143000000.0,default,
3118A0,233230,233230,1.0,3000000.0,default,
3118A0,424400,424400,1.0,1180000000.0,default,
3118A0,541511,541511,1.0,3000000.0,default,
3118A0,541700,541700,1.0,61000000.0,default,
311910,233230,233230,1.0,5000000.0,default,
311910,424400,424400,1.0,1316000000.0,default,
311910,541511,541511,1.0,4000000.0,default,
311910,541700,541700,1.0,158000000.0,default,
311920,233230,233230,1.0,2000000.0,default,
311920,424400,424400,1.0,175000000.0,default,
311920,541511,541511,1.0,2000000.0,default,
311920,541700,541700,1.0,64000000.0,default,
311930,233230,233230,1.0,2000000.0,default,
311930,424400,424400,1.0,50000000.0,default,
311930,541511,541511,1.0,1000000.0,default,
311930,541700,541700,1.0,105000000.0,default,
311940,233230,233230,1.0,3000000.0,default,
311940,424400,424400,1.0,247000000.0,default,
311940,541511,541511,1.0,3000000.0,default,
311940,541700,541700,1.0,141000000.0,default,
311990,233230,233230,1.0,4000000.0,default,
311990,424400,424400,1.0,140000000.0,default,
311990,541511,541511,1.0,7000000.0,default,
311990,541700,541700,1.0,206000000.0,default,
312110,233230,233230,1.0,10000000.0,default,
312110,424400,424400,1.0,1069000000.0,default,
312110,541511,541511,1.0,14000000.0,default,
312110,541700,541700,1.0,229000000.0,default,
312120,233230,233230,1.0,7000000.0,default,
312120,424A00,424A00,1.0,474000000.0,default,
312120,541511,541511,1.0,9000000.0,default,
312120,541700,541700,1.0,129000000.0,default,
312130,233230,233230,1.0,4000000.0,default,
312130,424A00,424A00,1.0,536000000.0,default,
312130,541511,541511,1.0,9000000.0,default,
312130,541700,541700,1.0,116000000.0,default,
312140,233230,233230,1.0,3000000.0,default,
312140,424A00,424A00,1.0,25000000.0,default,
312140,541511,541511,1.0,2000000.0,default,
312140,541700,541700,1.0,37000000.0,default,
312200,233230,233230,1.0,15000000.0,default,
312200,424A00,424A00,1.0,139000000.0,default,
312200,541511,541511,1.0,3000000.0,default,
312200,541700,541700,1.0,50000000.0,default,
313100,233230,233230,1.0,7000000.0,default,
313100,424A00,424A00,1.0,10000000.0,default,
313100,541700,541700,1.0,18000000.0,default,
313200,233230,233230,1.0,8000000.0,default,
313200,424A00,424A00,1.0,102000000.0,default,
313200,541511,541511,1.0,3000000.0,default,
313200,541700,541700,1.0,86000000.0,default,
313300,233230,233230,1.0,3000000.0,default,
313300,424A00,424A00,1.0,90000000.0,default,
313300,541700,541700,1.0,89000000.0,default,
314110,233230,233230,1.0,7000000.0,default,
314110,423A00,423A00,1.0,60000000.0,default,
314110,541511,541511,1.0,4000000.0,default,
314110,541700,541700,1.0,35000000.0,default,
314120,233230,233230,1.0,3000000.0,default,
314120,424A00,424A00,1.0,87000000.0,default,
314120,541511,541511,1.0,2000000.0,default,
314120,541700,541700,1.0,18000000.0,default,
314900,233230,233230,1.0,19000000.0,default,
314900,424A00,424A00,1.0,166000000.0,default,
314900,541511,541511,1.0,4000000.0,default,
314900,541700,541700,1.0,46000000.0,default,
315000,233230,233230,1.0,1000000.0,default,
315000,424A00,424A00,1.0,269000000.0,default,
315000,541511,541511,1.0,20000000.0,default,
315000,541700,541700,1.0,180000000.0,default,
316000,233230,233230,1.0,1000000.0,default,
316000,424A00,424A00,1.0,136000000.0,default,
316000,541511,541511,1.0,1000000.0,default,
316000,541700,541700,1.0,62000000.0,default,
322110,233230,233230,1.0,4000000.0,default,
322110,423A00,423A00,1.0,2000000.0,default,
322110,541700,541700,1.0,13000000.0,default,
322120,233230,233230,1.0,29000000.0,default,
322120,424A00,424A00,1.0,1000000.0,default,
322120,541511,541511,1.0,5000000.0,default,
322120,541700,541700,1.0,152000000.0,default,
322130,233230,233230,1.0,18000000.0,default,
322130,424A00,424A00,1.0,40000000.0,default,
322130,541511,541511,1.0,3000000.0,default,
322130,541700,541700,1.0,79000000.0,default,
322210,233230,233230,1.0,16000000.0,default,
322210,424A00,424A00,1.0,1646000000.0,default,
322210,541511,541511,1.0,23000000.0,default,
322210,541700,541700,1.0,43000000.0,default,
322220,233230,233230,1.0,6000000.0,default,
322220,424A00,424A00,1.0,163000000.0,default,
322220,541511,541511,1.0,9000000.0,default,
322220,541700,541700,1.0,108000000.0,default,
322230,233230,233230,1.0,2000000.0,default,
322230,424A00,424A00,1.0,98000000.0,default,
322230,541511,541511,1.0,3000000.0,default,
322230,541700,541700,1.0,27000000.0,default,
322291,233230,233230,1.0,4000000.0,default,
322291,424A00,424A00,1.0,164000000.0,default,
322291,541511,541511,1.0,4000000.0,default,
322291,541700,541700,1.0,62000000.0,default,
322299,233230,233230,1.0,2000000.0,default,
322299,424A00,424A00,1.0,39000000.0,default,
322299,541511,541511,1.0,3000000.0,default,
322299,541700,541700,1.0,266000000.0,default,
323110,233230,233230,1.0,14000000.0,default,
323110,424A00,424A00,1.0,989000000.0,default,
323110,541511,541511,1.0,187000000.0,default,
323110,541700,541700,1.0,119000000.0,default,
323120,233230,233230,1.0,1000000.0,default,
323120,424A00,424A00,1.0,12000000.0,default,
323120,541511,541511,1.0,11000000.0,default,
323120,541700,541700,1.0,7000000.0,default,
324110,233230,233230,1.0,246000000.0,default,
324110,424700,424700,1.0,10010000000.0,default,
324110,541511,541511,1.0,21000000.0,default,
324110,541700,541700,1.0,131000000.0,default,
324121,233230,233230,1.0,4000000.0,default,
324121,423A00,423A00,1.0,172000000.0,default,
324121,541511,541511,1.0,4000000.0,default,
324121,541700,541700,1.0,15000000.0,default,
324122,233230,233230,1.0,3000000.0,default,
324122,423A00,423A00,1.0,256000000.0,default,
324122,541511,541511,1.0,3000000.0,default,
324122,541700,541700,1.0,12000000.0,default,
324190,233230,233230,1.0,8000000.0,default,
324190,424700,424700,1.0,184000000.0,default,
324190,541511,541511,1.0,5000000.0,default,
324190,541700,541700,1.0,17000000.0,default,
325110,233230,233230,1.0,17000000.0,default,
325110,424700,424700,1.0,712000000.0,default,
325110,541511,541511,1.0,14000000.0,default,
325110,541700,541700,1.0,348000000.0,default,
325120,233230,233230,1.0,1000000.0,default,
325120,424A00,424A00,1.0,59000000.0,default,
325120,541511,541511,1.0,10000000.0,default,
325120,541700,541700,1.0,205000000.0,default,
325130,233230,233230,1.0,2000000.0,default,
325130,424A00,424A00,1.0,170000000.0,default,
325130,541511,541511,1.0,7000000.0,default,
325130,541700,541700,1.0,110000000.0,default,
325180,233230,233230,1.0,7000000.0,default,
325180,424A00,424A00,1.0,284000000.0,default,
325180,541511,541511,1.0,21000000.0,default,
325180,541700,541700,1.0,398000000.0,default,
325190,233230,233230,1.0,29000000.0,default,
325190,424A00,424A00,1.0,1229000000.0,default,
325190,541511,541511,1.0,27000000.0,default,
325190,541700,541700,1.0,510000000.0,default,
325211,233230,233230,1.0,19000000.0,default,
325211,424A00,424A00,1.0,1025000000.0,default,
325211,541511,541511,1.0,30000000.0,default,
325211,541700,541700,1.0,265000000.0,default,
3252A0,233230,233230,1.0,4000000.0,default,
3252A0,424A00,424A00,1.0,300000000.0,default,
3252A0,541511,541511,1.0,18000000.0,default,
3252A0,541700,541700,1.0,130000000.0,default,
325411,233230,233230,1.0,1000000.0,default,
325411,424200,424200,1.0,5000000.0,default,
325411,541511,541511,1.0,24000000.0,default,
325411,541700,541700,1.0,3869000000.0,default,
325412,233230,233230,1.0,10000000.0,default,
325412,424200,424200,1.0,2769000000.0,default,
325412,541511,541511,1.0,168000000.0,default,
325412,541700,541700,1.0,30040000000.0,default,
325413,233230,233230,1.0,1000000.0,default,
325413,424200,424200,1.0,69000000.0,default,
325413,541511,541511,1.0,21000000.0,default,
325413,541700,541700,1.0,3274000000.0,default,
325414,233230,233230,1.0,2000000.0,default,
325414,424200,424200,1.0,959000000.0,default,
325414,541511,541511,1.0,27000000.0,default,
325414,541700,541700,1.0,4415000000.0,default,
325310,233230,233230,1.0,5000000.0,default,
325310,424A00,424A00,1.0,206000000.0,default,
325310,541511,541511,1.0,12000000.0,default,
325310,541700,541700,1.0,429000000.0,default,
325320,233230,233230,1.0,3000000.0,default,
325320,424A00,424A00,1.0,68000000.0,default,
325320,541511,541511,1.0,7000000.0,default,
325320,541700,541700,1.0,288000000.0,default,
325510,233230,233230,1.0,3000000.0,default,
325510,424A00,424A00,1.0,717000000.0,default,
325510,541511,541511,1.0,16000000.0,default,
325510,541700,541700,1.0,269000000.0,default,
325520,233230,233230,1.0,1000000.0,default,
325520,424A00,424A00,1.0,95000000.0,default,
325520,541511,541511,1.0,9000000.0,default,
325520,541700,541700,1.0,158000000.0,default,
325610,233230,233230,1.0,5000000.0,default,
325610,424A00,424A00,1.0,1272000000.0,default,
325610,541511,541511,1.0,22000000.0,default,
325610,541700,541700,1.0,906000000.0,default,
325620,233230,233230,1.0,4000000.0,default,
325620,424A00,424A00,1.0,3698000000.0,default,
325620,541511,541511,1.0,22000000.0,default,
325620,541700,541700,1.0,727000000.0,default,
325910,233230,233230,1.0,1000000.0,default,
325910,424A00,424A00,1.0,72000000.0,default,
325910,541511,541511,1.0,4000000.0,default,
325910,541700,541700,1.0,54000000.0,default,
3259A0,233230,233230,1.0,8000000.0,default,
3259A0,424A00,424A00,1.0,1111000000.0,default,
3259A0,541511,541511,1.0,39000000.0,default,
3259A0,541700,541700,1.0,484000000.0,default,
326110,233230,233230,1.0,15000000.0,default,
326110,423800,423800,1.0,756000000.0,default,
326110,541511,541511,1.0,21000000.0,default,
326110,541700,541700,1.0,297000000.0,default,
326120,233230,233230,1.0,6000000.0,default,
326120,423800,423800,1.0,242000000.0,default,
326120,541511,541511,1.0,11000000.0,default,
326120,541700,541700,1.0,154000000.0,default,
326130,233230,233230,1.0,1000000.0,default,
326130,423800,423800,1.0,26000000.0,default,
326130,541511,541511,1.0,4000000.0,default,
326130,541700,541700,1.0,59000000.0,default,
326140,233230,233230,1.0,3000000.0,default,
326140,423800,423800,1.0,8000000.0,default,
326140,541511,541511,1.0,7000000.0,default,
326140,541700,541700,1.0,86000000.0,default,
326150,233230,233230,1.0,4000000.0,default,
326150,423800,423800,1.0,92000000.0,default,
326150,541511,541511,1.0,8000000.0,default,
326150,541700,541700,1.0,97000000.0,default,
326160,233230,233230,1.0,5000000.0,default,
326160,423800,423800,1.0,4000000.0,default,
326160,541511,541511,1.0,7000000.0,default,
326160,541700,541700,1.0,97000000.0,default,
326190,233230,233230,1.0,31000000.0,default,
326190,423800,423800,1.0,579000000.0,default,
326190,541511,541511,1.0,69000000.0,default,
326190,541700,541700,1.0,839000000.0,default,
326210,233230,233230,1.0,14000000.0,default,
326210,423100,423100,1.0,647000000.0,default,
326210,541511,541511,1.0,11000000.0,default,
326210,541700,541700,1.0,220000000.0,default,
326220,233230,233230,1.0,4000000.0,default,
326220,423800,423800,1.0,91000000.0,default,
326220,541511,541511,1.0,4000000.0,default,
326220,541700,541700,1.0,80000000.0,default,
326290,233230,233230,1.0,12000000.0,default,
326290,423800,423800,1.0,363000000.0,default,
326290,541511,541511,1.0,11000000.0,default,
326290,541700,541700,1.0,185000000.0,default,
423100,230301,230301,1.0,17000000.0,default,
423100,2332A0,2332A0,1.0,15000000.0,default,
423100,336320,336320,1.0,23000000.0,default,
423100,532100,532100,1.0,2218000000.0,default,
423100,541511,541511,1.0,106000000.0,default,
423100,541700,541700,1.0,4000000.0,default,
423100,811100,811100,1.0,4619000000.0,default,
423400,230301,230301,1.0,201000000.0,default,
423400,2332A0,2332A0,1.0,26000000.0,default,
423400,333318,333318,1.0,1000000.0,default,
423400,532400,532400,1.0,360000000.0,default,
423400,541511,541511,1.0,1191000000.0,default,
423400,541512,541512,1.0,41000000.0,default,
423400,54151A,54151A,1.0,6000000.0,default,
423400,541700,541700,1.0,357000000.0,default,
423400,561400,561400,1.0,8000000.0,default,
423400,811200,811200,1.0,7536000000.0,default,
423400,811300,811300,1.0,587000000.0,default,
423600,230301,230301,1.0,31000000.0,default,
423600,2332A0,2332A0,1.0,338000000.0,default,
423600,532400,532400,1.0,180000000.0,default,
423600,532A00,532A00,1.0,758000000.0,default,
423600,541511,541511,1.0,265000000.0,default,
423600,541512,541512,1.0,38000000.0,default,
423600,54151A,54151A,1.0,2022000000.0,default,
423600,541700,541700,1.0,11000000.0,default,
423600,811200,811200,1.0,14138000000.0,default,
423600,811300,811300,1.0,599000000.0,default,
423800,230301,230301,1.0,37000000.0,default,
423800,2332A0,2332A0,1.0,274000000.0,default,
423800,336320,336320,1.0,36000000.0,default,
423800,48A000,48A000,1.0,524000000.0,default,
423800,532400,532400,1.0,4129000000.0,default,
423800,532A00,532A00,1.0,2824000000.0,default,
423800,541511,541511,1.0,468000000.0,default,
423800,541700,541700,1.0,10000000.0,default,
423800,811200,811200,1.0,161000000.0,default,
423800,811300,811300,1.0,12510000000.0,default,
423A00,230301,230301,1.0,3393000000.0,default,
423A00,2332A0,2332A0,1.0,880000000.0,default,
423A00,339910,339910,1.0,4000000.0,default,
423A00,532400,532400,1.0,123000000.0,default,
423A00,532A00,532A00,1.0,92000000.0,default,
423A00,541511,541511,1.0,812000000.0,default,
423A00,541700,541700,1.0,24000000.0,default,
423A00,811300,811300,0.5189873417721519,1107000000.0,default,
423A00,811400,811400,1.0,1956000000.0,default,
424200,2332A0,2332A0,1.0,45000000.0,default,
424200,532400,532400,1.0,3000000.0,default,
424200,541511,541511,1.0,107000000.0,default,
424200,541700,541700,1.0,9000000.0,default,
424200,811400,811400,1.0,18521000000.0,default,
424400,2332A0,2332A0,1.0,6000000.0,default,
424400,311615,311615,1.0,2000000.0,default,
424400,31161A,31161A,1.0,1131000000.0,default,
424400,541511,541511,1.0,102000000.0,default,
424400,541700,541700,1.0,5000000.0,default,
424400,811400,811400,1.0,692000000.0,default,
424700,230301,230301,1.0,16000000.0,default,
424700,2332A0,2332A0,1.0,24000000.0,default,
424700,486000,486000,1.0,62000000.0,default,
424700,541511,541511,1.0,29000000.0,default,
424700,541700,541700,1.0,2000000.0,default,
424700,811300,811300,1.0,780000000.0,default,
424A00,115000,115000,1.0,79000000.0,default,
424A00,2332A0,2332A0,1.0,80000000.0,default,
424A00,493000,493000,1.0,320000000.0,default,
424A00,532400,532400,1.0,6000000.0,default,
424A00,532A00,532A00,1.0,459000000.0,default,
424A00,541511,541511,1.0,291000000.0,default,
424A00,541700,541700,1.0,16000000.0,default,
424A00,561400,561400,1.0,14000000.0,default,
424A00,811200,811200,1.0,36000000.0,default,
424A00,811300,811300,1.0,1827000000.0,default,
424A00,811400,811400,1.0,2358000000.0,default,
425000,230301,230301,1.0,5000000.0,default,
425000,2332A0,2332A0,1.0,194000000.0,default,
425000,532A00,532A00,1.0,258000000.0,default,
425000,541511,541511,1.0,1485000000.0,default,
425000,541512,541512,1.0,237000000.0,default,
425000,541700,541700,1.0,51000000.0,default,
425000,811300,811300,1.0,2134000000.0,default,
441000,2332A0,2332A0,1.0,6000000.0,default,
441000,522A00,522A00,1.0,3572000000.0,default,
441000,532100,532100,1.0,154000000.0,default,
441000,532A00,532A00,1.0,7000000.0,default,
441000,541511,541511,1.0,67000000.0,default,
441000,541700,541700,1.0,3000000.0,default,
441000,713900,713900,1.0,90000000.0,default,
441000,811100,811100,1.0,49712000000.0,C3,
441000,811400,811400,1.0,2381000000.0,default,
445000,311810,311810,1.0,8375000000.0,default,
445000,522A00,522A00,1.0,35000000.0,default,
445000,532A00,532A00,1.0,7000000.0,default,
445000,541511,541511,1.0,8000000.0,default,
445000,541700,541700,1.0,1000000.0,default,
445000,561400,561400,1.0,2000000.0,default,
445000,722211,722211,1.0,8951000000.0,default,
445000,722A00,722A00,1.0,991000000.0,default,
452000,2332A0,2332A0,1.0,2287000000.0,default,
452000,311810,311810,1.0,2003000000.0,default,
452000,722211,722211,1.0,4283000000.0,default,
452000,722A00,722A00,1.0,3115000000.0,default,
452000,811100,811100,1.0,1641000000.0,default,
452000,811200,811200,1.0,174000000.0,default,
452000,811400,811400,1.0,48000000.0,default,
444000,230302,230302,1.0,1259000000.0,default,
444000,2332A0,2332A0,1.0,490000000.0,default,
444000,541511,541511,1.0,8000000.0,default,
444000,541700,541700,1.0,1000000.0,default,
444000,811400,811400,1.0,85000000.0,default,
446000,522A00,522A00,1.0,293000000.0,default,
446000,532400,532400,1.0,400000000.0,default,
446000,541511,541511,1.0,29000000.0,default,
446000,541700,541700,1.0,2000000.0,default,
446000,621300,621300,1.0,9000000.0,default,
446000,722211,722211,1.0,134000000.0,default,
446000,811400,811400,1.0,29000000.0,default,
446000,812900,812900,1.0,1261000000.0,default,
447000,2332A0,2332A0,1.0,5000000.0,default,
447000,532100,532100,1.0,1000000.0,default,
447000,722211,722211,1.0,14497000000.0,default,
447000,722A00,722A00,1.0,142000000.0,default,
447000,811100,811100,1.0,2070000000.0,default,
448000,339910,339910,1.0,1635000000.0,default,
448000,532A00,532A00,1.0,433000000.0,default,
448000,541511,541511,1.0,13000000.0,default,
448000,541700,541700,1.0,1000000.0,default,
448000,811400,811400,1.0,521000000.0,default,
454000,230302,230302,1.0,1381000000.0,default,
454000,2332A0,2332A0,1.0,39000000.0,default,
454000,512100,512100,1.0,383000000.0,default,
454000,541511,541511,1.0,1168000000.0,default,
454000,541700,541700,1.0,4565000000.0,default,
454000,713900,713900,1.0,107000000.0,default,
454000,722211,722211,1.0,2469000000.0,default,
454000,722A00,722A00,1.0,89000000.0,default,
454000,811200,811200,1.0,3749000000.0,default,
454000,811400,811400,1.0,2206000000.0,default,
4B0000,111400,111400,1.0,191000000.0,default,
4B0000,230302,230302,1.0,1013000000.0,default,
4B0000,2332A0,2332A0,1.0,456000000.0,default,
4B0000,512100,512100,1.0,25000000.0,default,
4B0000,532A00,532A00,1.0,380000000.0,default,
4B0000,541511,541511,1.0,286000000.0,default,
4B0000,541700,541700,1.0,34000000.0,default,
4B0000,5419A0,5419A0,1.0,23000000.0,default,
4B0000,561400,561400,1.0,122000000.0,default,
4B0000,611B00,611B00,1.0,100000000.0,default,
4B0000,713900,713900,1.0,205000000.0,default,
4B0000,722211,722211,1.0,254000000.0,default,
4B0000,811200,811200,1.0,16000000.0,default,
4B0000,811400,811400,1.0,484000000.0,default,
4B0000,812900,812900,1.0,1197000000.0,default,
481000,2332C0,2332C0,1.0,36000000.0,default,
481000,48A000,48A000,0.9592356687898089,1506000000.0,default,
481000,532400,532400,1.0,602000000.0,default,
481000,541511,541511,1.0,99000000.0,default,
481000,541700,541700,1.0,261000000.0,default,
482000,2332C0,2332C0,1.0,162000000.0,default,
482000,532400,532400,1.0,434000000.0,default,
482000,541511,541511,1.0,115000000.0,default,
482000,541700,541700,1.0,314000000.0,default,
483000,2332C0,2332C0,1.0,1000000.0,default,
483000,48A000,48A000,0.9924874791318865,2378000000.0,default,
483000,541511,541511,1.0,8000000.0,default,
483000,541700,541700,1.0,34000000.0,default,
483000,713200,713200,1.0,296000000.0,default,
484000,2332C0,2332C0,1.0,32000000.0,default,
484000,48A000,48A000,1.0,2821000000.0,default,
484000,493000,493000,1.0,5884000000.0,default,
484000,532100,532100,1.0,309000000.0,default,
484000,541511,541511,1.0,80000000.0,default,
484000,541610,541610,1.0,76000000.0,default,
484000,541700,541700,1.0,217000000.0,default,
485000,48A000,48A000,1.0,10000000.0,default,
485000,541511,541511,1.0,1000000.0,default,
485000,541700,541700,1.0,55000000.0,default,
485000,541800,541800,1.0,2000000.0,default,
486000,221200,221200,1.0,162000000.0,default,
486000,233240,233240,1.0,116000000.0,default,
486000,541511,541511,1.0,20000000.0,default,
486000,541700,541700,1.0,189000000.0,default,
48A000,2332C0,2332C0,1.0,77000000.0,default,
48A000,481000,481000,1.0,29000000.0,default,
48A000,483000,483000,0.9408602150537635,350000000.0,default,
48A000,484000,484000,0.1750465549348231,94000000.0,default,
48A000,485000,485000,0.22435897435897437,105000000.0,default,
48A000,493000,493000,1.0,1220000000.0,default,
48A000,532100,532100,1.0,3000000.0,default,
48A000,541511,541511,1.0,230000000.0,default,
48A000,541610,541610,1.0,4396000000.0,default,
48A000,541700,541700,1.0,558000000.0,default,
48A000,561900,561900,1.0,4000000.0,default,
48A000,811100,811100,1.0,869000000.0,default,
492000,2332C0,2332C0,1.0,9000000.0,default,
492000,484000,484000,0.2777777777777778,5000000.0,default,
492000,541511,541511,1.0,43000000.0,default,
492000,541700,541700,1.0,162000000.0,default,
493000,2332A0,2332A0,1.0,63000000.0,default,
493000,484000,484000,1.0,318000000.0,default,
493000,48A000,48A000,1.0,1548000000.0,default,
493000,541511,541511,1.0,123000000.0,default,
493000,541610,541610,1.0,187000000.0,default,
493000,541700,541700,1.0,400000000.0,default,
511110,2332A0,2332A0,1.0,2000000.0,default,
511110,323110,323110,1.0,354000000.0,default,
511110,424A00,424A00,1.0,1000000.0,default,
511110,4B0000,4B0000,1.0,34000000.0,default,
511110,541511,541511,1.0,210000000.0,default,
511110,541700,541700,1.0,12000000.0,default,
511110,562000,562000,1.0,1000000.0,default,
511120,2332A0,2332A0,1.0,5000000.0,default,
511120,323110,323110,1.0,327000000.0,default,
511120,424A00,424A00,1.0,211000000.0,default,
511120,4B0000,4B0000,1.0,21000000.0,default,
511120,541511,541511,1.0,121000000.0,default,
511120,5416A0,5416A0,1.0,1000000.0,default,
511120,541700,541700,1.0,13000000.0,default,
511130,2332A0,2332A0,1.0,6000000.0,default,
511130,323110,323110,1.0,868000000.0,default,
511130,424A00,424A00,1.0,56000000.0,default,
511130,4B0000,4B0000,1.0,14000000.0,default,
511130,541511,541511,1.0,79000000.0,default,
511130,5416A0,5416A0,1.0,7000000.0,default,
511130,541700,541700,1.0,8000000.0,default,
5111A0,2332A0,2332A0,1.0,3000000.0,default,
5111A0,323110,323110,1.0,195000000.0,default,
5111A0,424A00,424A00,1.0,60000000.0,default,
5111A0,4B0000,4B0000,1.0,19000000.0,default,
5111A0,541511,541511,1.0,44000000.0,default,
5111A0,541700,541700,1.0,4000000.0,default,
511200,423400,423400,1.0,1109000000.0,default,
511200,4B0000,4B0000,1.0,2061000000.0,default,
511200,518200,518200,0.000790850468426816,26000000.0,default,
511200,541511,541511,1.0,7768000000.0,default,
511200,541700,541700,1.0,21158000000.0,default,
511200,811200,811200,1.0,1000000.0,default,
512100,2332A0,2332A0,1.0,56000000.0,default,
512100,334610,334610,1.0,6000000.0,default,
512100,423A00,423A00,1.0,3000000.0,default,
512100,4B0000,4B0000,1.0,321000000.0,default,
512100,531ORE,531ORE,1.0,118000000.0,default,
512100,532400,532400,1.0,57000000.0,default,
512100,541511,541511,1.0,303000000.0,default,
512100,541700,541700,1.0,1123000000.0,default,
512200,4B0000,4B0000,1.0,4000000.0,default,
512200,531ORE,531ORE,1.0,14000000.0,default,
512200,541511,541511,1.0,14000000.0,default,
512200,541700,541700,1.0,68000000.0,default,
512200,541400,541400,1.0,3000000.0,default,
515100,233240,233240,1.0,327000000.0,default,
515100,423800,423800,1.0,6000000.0,default,
515100,4B0000,4B0000,1.0,76000000.0,default,
515100,541511,541511,1.0,166000000.0,default,
515100,541700,541700,1.0,1836000000.0,default,
515200,233240,233240,1.0,343000000.0,default,
515200,4B0000,4B0000,1.0,92000000.0,default,
515200,541511,541511,1.0,80000000.0,default,
515200,541700,541700,1.0,672000000.0,default,
517110,233240,233240,1.0,579000000.0,C3,
517110,423800,423800,1.0,41000000.0,default,
517110,4B0000,4B0000,1.0,241000000.0,default,
517110,518200,518200,1.0,7000000.0,default,
517110,532400,532400,1.0,9471000000.0,default,
517110,541511,541511,1.0,1154000000.0,default,
517110,541512,541512,1.0,42000000.0,default,
517110,5416A0,5416A0,1.0,2000000.0,default,
517110,541700,541700,1.0,1898000000.0,default,
517110,811200,811200,1.0,243000000.0,default,
517210,233240,233240,1.0,72000000.0,C3,
517210,423800,423800,1.0,1000000.0,default,
517210,4B0000,4B0000,1.0,7657000000.0,default,
517210,532400,532400,1.0,1358000000.0,default,
517210,541511,541511,1.0,238000000.0,default,
517210,541512,541512,1.0,13000000.0,default,
517210,541700,541700,1.0,397000000.0,default,
517210,811200,811200,1.0,255000000.0,default,
517A00,233240,233240,1.0,217000000.0,C3,
517A00,423800,423800,1.0,85000000.0,default,
517A00,4B0000,4B0000,1.0,1087000000.0,default,
517A00,532400,532400,1.0,64000000.0,default,
517A00,541511,541511,1.0,179000000.0,default,
517A00,541512,541512,1.0,127000000.0,default,
517A00,541700,541700,1.0,332000000.0,default,
517A00,811200,811200,1.0,215000000.0,default,
518200,233240,233240,1.0,531000000.0,default,
518200,334290,334290,1.0,463000000.0,default,
518200,423400,423400,1.0,522000000.0,default,
518200,4B0000,4B0000,1.0,104000000.0,default,
518200,517110,517110,0.9572559366754617,1814000000.0,default,
518200,517A00,517A00,1.0,3000000.0,default,
518200,541511,541511,1.0,5094000000.0,default,
518200,541512,541512,1.0,5302000000.0,default,
518200,54151A,54151A,1.0,1905000000.0,default,
518200,541300,541300,1.0,41000000.0,default,
518200,541700,541700,1.0,9556000000.0,default,
518200,811200,811200,1.0,73000000.0,default,
519130,2332A0,2332A0,1.0,1000000.0,default,
519130,423400,423400,1.0,2106000000.0,default,
519130,454000,454000,1.0,21000000.0,default,
519130,541511,541511,1.0,392000000.0,default,
519130,541700,541700,1.0,10629000000.0,default,
5191A0,4B0000,4B0000,1.0,1000000.0,default,
5191A0,541511,541511,1.0,107000000.0,default,
5191A0,541700,541700,1.0,1482000000.0,default,
5191A0,541800,541800,0.9548872180451128,127000000.0,default,
522A00,2332A0,2332A0,1.0,1000000.0,default,
522A00,541511,541511,1.0,1157000000.0,default,
522A00,541700,541700,1.0,748000000.0,default,
52A000,2332A0,2332A0,1.0,1000000.0,default,
52A000,541511,541511,1.0,1979000000.0,default,
52A000,541700,541700,1.0,1198000000.0,default,
523900,541511,541511,1.0,660000000.0,default,
523900,541700,541700,1.0,308000000.0,default,
523A00,541511,541511,1.0,641000000.0,default,
523A00,541700,541700,1.0,795000000.0,default,
524113,541511,541511,1.0,325000000.0,default,
524113,541700,541700,1.0,365000000.0,default,
5241XX,2332A0,2332A0,1.0,2000000.0,default,
5241XX,541511,541511,1.0,1282000000.0,default,
5241XX,541700,541700,1.0,1360000000.0,default,
524200,2332A0,2332A0,1.0,1000000.0,default,
524200,523900,523900,1.0,845000000.0,default,
524200,523A00,523A00,1.0,495000000.0,default,
524200,541100,541100,1.0,77000000.0,default,
524200,541511,541511,1.0,1166000000.0,default,
524200,541700,541700,1.0,483000000.0,default,
525000,541511,541511,1.0,2000000.0,default,
525000,541700,541700,1.0,4000000.0,default,
531HSO,2332A0,2332A0,1.0,64000000.0,default,
531HST,2332A0,2332A0,1.0,1000000.0,default,
531HST,233412,233412,1.0,4448000000.0,default,
531HST,233411,233411,1.0,15830000000.0,default,
531HST,541511,541511,1.0,75000000.0,default,
531HST,541700,541700,1.0,54000000.0,default,
531ORE,230302,230302,1.0,252000000.0,default,
531ORE,2332A0,2332A0,1.0,45000000.0,default,
531ORE,522A00,522A00,1.0,1475000000.0,default,
531ORE,524200,524200,1.0,385000000.0,default,
531ORE,541511,541511,1.0,230000000.0,default,
531ORE,541700,541700,1.0,231000000.0,default,
531ORE,5419A0,5419A0,1.0,50000000.0,default,
531ORE,721000,721000,1.0,64000000.0,default,
532100,441000,441000,1.0,516000000.0,default,
532100,522A00,522A00,1.0,60000000.0,default,
532100,5241XX,5241XX,1.0,477000000.0,default,
532100,531ORE,531ORE,1.0,126000000.0,default,
532100,541511,541511,1.0,31000000.0,default,
532100,541700,541700,1.0,28000000.0,default,
532100,811100,811100,1.0,24000000.0,default,
532400,2332A0,2332A0,1.0,35000000.0,default,
532400,452000,452000,1.0,556000000.0,default,
532400,444000,444000,1.0,61000000.0,default,
532400,4B0000,4B0000,1.0,13000000.0,default,
532400,484000,484000,1.0,1004000000.0,default,
532400,522A00,522A00,1.0,7000000.0,default,
532400,5241XX,5241XX,1.0,50000000.0,default,
532400,531ORE,531ORE,0.42399049881235157,357000000.0,default,
532400,541511,541511,1.0,27000000.0,default,
532400,541700,541700,1.0,31000000.0,default,
532400,611B00,611B00,1.0,3000000.0,default,
532400,811300,811300,1.0,850000000.0,default,
532A00,2332A0,2332A0,1.0,14000000.0,default,
532A00,452000,452000,1.0,2269000000.0,default,
532A00,4B0000,4B0000,1.0,188000000.0,default,
532A00,484000,484000,1.0,56000000.0,default,
532A00,5241XX,5241XX,1.0,44000000.0,default,
532A00,541511,541511,1.0,34000000.0,default,
532A00,541700,541700,1.0,21000000.0,default,
532A00,811300,811300,1.0,50000000.0,default,
532A00,811400,811400,1.0,26000000.0,default,
532A00,812900,812900,1.0,47000000.0,default,
533000,541511,541511,1.0,36000000.0,default,
533000,541700,541700,1.0,88000000.0,default,
541100,2332A0,2332A0,1.0,2000000.0,default,
541100,541511,541511,1.0,359000000.0,default,
541100,541700,541700,1.0,79000000.0,default,
541511,2332A0,2332A0,1.0,3000000.0,default,
541511,423400,423400,1.0,27000000.0,default,
541511,4B0000,4B0000,1.0,161000000.0,default,
541511,511200,511200,1.0,2538000000.0,C2,
541511,517110,517110,1.0,3000000.0,default,
541511,517A00,517A00,1.0,2000000.0,default,
541511,518200,518200,1.0,5785000000.0,default,
541511,532400,532400,1.0,15000000.0,default,
541511,541700,541700,1.0,4317000000.0,default,
541511,561300,561300,1.0,3538000000.0,default,
541511,611B00,611B00,1.0,115000000.0,default,
541511,811200,811200,1.0,577000000.0,default,
541512,2332A0,2332A0,1.0,3000000.0,default,
541512,423400,423400,1.0,69000000.0,default,
541512,4B0000,4B0000,1.0,664000000.0,default,
541512,517110,517110,1.0,51000000.0,default,
541512,518200,518200,1.0,7187000000.0,default,
541512,532400,532400,1.0,75000000.0,default,
541512,541511,541511,0.034413014802872635,2348000000.0,default,
541512,541700,541700,1.0,4429000000.0,default,
541512,561300,561300,1.0,644000000.0,default,
541512,611B00,611B00,1.0,121000000.0,default,
541512,811200,811200,1.0,2773000000.0,default,
54151A,2332A0,2332A0,1.0,1000000.0,default,
54151A,423400,423400,1.0,34000000.0,default,
54151A,4B0000,4B0000,1.0,353000000.0,default,
54151A,517110,517110,1.0,101000000.0,default,
54151A,518200,518200,1.0,5452000000.0,default,
54151A,532400,532400,1.0,29000000.0,default,
54151A,541511,541511,0.16265283438310485,439000000.0,default,
54151A,541700,541700,1.0,827000000.0,default,
54151A,561300,561300,1.0,713000000.0,default,
54151A,611B00,611B00,1.0,109000000.0,default,
54151A,811200,811200,1.0,470000000.0,default,
541200,2332A0,2332A0,1.0,7000000.0,default,
541200,523900,523900,1.0,450000000.0,default,
541200,541511,541511,1.0,819000000.0,default,
541200,541610,541610,0.8226638349514563,5423000000.0,default,
541200,541700,541700,1.0,148000000.0,default,
541300,2332A0,2332A0,1.0,369000000.0,default,
541300,452000,452000,1.0,547000000.0,default,
541300,444000,444000,1.0,81000000.0,default,
541300,4B0000,4B0000,1.0,23000000.0,default,
541300,541511,541511,1.0,1691000000.0,default,
541300,541700,541700,1.0,2336000000.0,default,
541300,561700,561700,1.0,206000000.0,default,
541610,2332A0,2332A0,1.0,49000000.0,default,
541610,4B0000,4B0000,1.0,83000000.0,default,
541610,518200,518200,1.0,54994000000.0,default,
541610,541511,541511,0.4634723454599231,1567000000.0,default,
541610,541700,541700,1.0,1016000000.0,default,
5416A0,2332A0,2332A0,1.0,11000000.0,default,
5416A0,4B0000,4B0000,1.0,27000000.0,default,
5416A0,541511,541511,1.0,387000000.0,default,
5416A0,541512,541512,1.0,87000000.0,default,
5416A0,541700,541700,1.0,282000000.0,default,
5416A0,561200,561200,1.0,201000000.0,default,
541700,2332A0,2332A0,1.0,17000000.0,default,
541700,4B0000,4B0000,1.0,269000000.0,default,
541700,541511,541511,1.0,1073000000.0,default,
541800,2332A0,2332A0,1.0,21000000.0,default,
541800,4B0000,4B0000,1.0,37000000.0,default,
541800,541511,541511,1.0,611000000.0,default,
541800,541700,541700,1.0,108000000.0,default,
541400,2332A0,2332A0,1.0,6000000.0,default,
541400,323110,323110,1.0,7000000.0,default,
541400,452000,452000,1.0,3000000.0,default,
541400,444000,444000,1.0,2000000.0,default,
541400,4B0000,4B0000,1.0,86000000.0,default,
541400,518200,518200,1.0,96000000.0,default,
541400,541511,541511,1.0,100000000.0,default,
541400,541700,541700,1.0,14000000.0,default,
541920,2332A0,2332A0,1.0,3000000.0,default,
541920,4B0000,4B0000,1.0,22000000.0,default,
541920,532A00,532A00,1.0,37000000.0,default,
541920,541511,541511,1.0,52000000.0,default,
541920,541700,541700,1.0,6000000.0,default,
541920,811200,811200,1.0,6000000.0,default,
541940,2332A0,2332A0,1.0,7000000.0,default,
541940,4B0000,4B0000,1.0,1058000000.0,default,
541940,541511,541511,1.0,368000000.0,default,
541940,541700,541700,1.0,55000000.0,default,
541940,812900,812900,1.0,1752000000.0,default,
5419A0,2332A0,2332A0,1.0,20000000.0,default,
5419A0,452000,452000,1.0,24000000.0,default,
5419A0,4B0000,4B0000,1.0,9000000.0,default,
5419A0,541511,541511,1.0,276000000.0,default,
5419A0,541700,541700,1.0,78000000.0,default,
550000,2332A0,2332A0,1.0,75000000.0,default,
550000,541511,541511,1.0,11270000000.0,default,
550000,541700,541700,1.0,5408000000.0,default,
561300,2332A0,2332A0,1.0,837000000.0,default,
561300,4B0000,4B0000,1.0,68000000.0,default,
561300,541511,541511,1.0,5064000000.0,default,
561300,541700,541700,1.0,139000000.0,default,
561700,2332A0,2332A0,1.0,149000000.0,default,
561700,444000,444000,1.0,194000000.0,default,
561700,448000,448000,1.0,53000000.0,default,
561700,4B0000,4B0000,1.0,26000000.0,default,
561700,541511,541511,1.0,5000000.0,default,
561700,541700,541700,1.0,1000000.0,default,
561100,2332A0,2332A0,1.0,4000000.0,default,
561100,4B0000,4B0000,1.0,62000000.0,default,
561100,541511,541511,1.0,1129000000.0,default,
561100,541300,541300,1.0,272000000.0,default,
561100,541700,541700,1.0,1066000000.0,default,
561100,561200,561200,0.044111255975662754,203000000.0,default,
561200,2332A0,2332A0,1.0,20000000.0,default,
561200,4B0000,4B0000,1.0,14000000.0,default,
561200,541511,541511,1.0,25000000.0,default,
561200,541300,541300,1.0,99000000.0,default,
561200,541700,541700,1.0,1000000.0,default,
561400,2332A0,2332A0,1.0,19000000.0,default,
561400,323110,323110,1.0,750000000.0,default,
561400,4B0000,4B0000,1.0,99000000.0,default,
561400,541511,541511,1.0,597000000.0,default,
561400,541700,541700,1.0,22000000.0,default,
561400,561900,561900,0.001379310344827586,3000000.0,default,
561500,4B0000,4B0000,1.0,870000000.0,default,
561500,541511,541511,1.0,480000000.0,default,
561500,541700,541700,1.0,9000000.0,default,
561600,2332D0,2332D0,1.0,4000000.0,default,
561600,4B0000,4B0000,1.0,21000000.0,default,
561600,532400,532400,1.0,201000000.0,default,
561600,541511,541511,1.0,133000000.0,default,
561600,541700,541700,1.0,4000000.0,default,
561900,2332A0,2332A0,1.0,41000000.0,default,
561900,323110,323110,1.0,724000000.0,default,
561900,4B0000,4B0000,1.0,20000000.0,default,
561900,541511,541511,1.0,185000000.0,default,
561900,541700,541700,1.0,4000000.0,default,
562000,2332D0,2332D0,1.0,1000000.0,default,
562000,444000,444000,1.0,105000000.0,default,
562000,48A000,48A000,1.0,459000000.0,default,
562000,532400,532400,1.0,135000000.0,default,
562000,541511,541511,1.0,19000000.0,default,
562000,5416A0,5416A0,1.0,139000000.0,default,
562000,541700,541700,1.0,5000000.0,default,
611100,233262,233262,1.0,468000000.0,default,
611100,454000,454000,1.0,61000000.0,default,
611100,541511,541511,1.0,674000000.0,default,
611100,721000,721000,1.0,377000000.0,default,
611100,722A00,722A00,1.0,240000000.0,default,
611A00,233262,233262,1.0,54000000.0,default,
611A00,2334A0,2334A0,1.0,69000000.0,default,
611A00,454000,454000,1.0,247000000.0,default,
611A00,4B0000,4B0000,1.0,146000000.0,default,
611A00,5241XX,5241XX,1.0,108000000.0,default,
611A00,531ORE,531ORE,1.0,63000000.0,default,
611A00,541511,541511,1.0,3352000000.0,default,
611A00,541200,541200,1.0,30000000.0,default,
611A00,541700,541700,1.0,30082000000.0,default,
611A00,711200,711200,1.0,1628000000.0,default,
611A00,721000,721000,1.0,26387000000.0,default,
611A00,722110,722110,1.0,4508000000.0,default,
611A00,722A00,722A00,1.0,9643000000.0,default,
611A00,811100,811100,1.0,6000000.0,default,
611A00,812100,812100,1.0,11000000.0,default,
611B00,233262,233262,1.0,103000000.0,default,
611B00,446000,446000,1.0,17000000.0,default,
611B00,4B0000,4B0000,1.0,250000000.0,default,
611B00,541511,541511,1.0,659000000.0,default,
611B00,541700,541700,1.0,20000000.0,default,
621100,233210,233210,1.0,208000000.0,default,
621100,446000,446000,1.0,2019000000.0,default,
621100,448000,448000,1.0,75000000.0,default,
621100,532400,532400,1.0,7000000.0,default,
621100,532A00,532A00,1.0,2000000.0,default,
621100,541511,541511,1.0,172000000.0,default,
621100,541700,541700,1.0,61000000.0,default,
621100,722211,722211,1.0,32000000.0,default,
621200,233210,233210,1.0,14000000.0,default,
621200,446000,446000,1.0,27000000.0,default,
621200,541511,541511,1.0,1000000.0,default,
621200,541700,541700,1.0,1000000.0,default,
621300,233210,233210,1.0,11000000.0,default,
621300,446000,446000,1.0,5976000000.0,default,
621300,448000,448000,1.0,126000000.0,default,
621300,532400,532400,1.0,187000000.0,default,
621300,532A00,532A00,1.0,50000000.0,default,
621300,541511,541511,1.0,26000000.0,default,
621300,541700,541700,1.0,47000000.0,default,
621300,722211,722211,1.0,15000000.0,default,
621400,233210,233210,1.0,169000000.0,default,
621400,446000,446000,1.0,470000000.0,default,
621400,448000,448000,1.0,136000000.0,default,
621400,532400,532400,1.0,10000000.0,default,
621400,541511,541511,1.0,229000000.0,default,
621400,541700,541700,1.0,37000000.0,default,
621400,722211,722211,1.0,1000000.0,default,
621500,233210,233210,1.0,7000000.0,default,
621500,446000,446000,1.0,4000000.0,default,
621500,541511,541511,1.0,193000000.0,default,
621500,541700,541700,1.0,32000000.0,default,
621600,233210,233210,1.0,1000000.0,default,
621600,446000,446000,1.0,128000000.0,default,
621600,532400,532400,1.0,114000000.0,default,
621600,532A00,532A00,1.0,20000000.0,default,
621600,541511,541511,1.0,51000000.0,default,
621600,541700,541700,1.0,7000000.0,default,
621900,233210,233210,1.0,4000000.0,default,
621900,446000,446000,1.0,20000000.0,default,
621900,532400,532400,1.0,19000000.0,default,
621900,532A00,532A00,1.0,5000000.0,default,
621900,541511,541511,1.0,88000000.0,default,
621900,541700,541700,1.0,8000000.0,default,
622000,233210,233210,1.0,1226000000.0,default,
622000,446000,446000,1.0,1600000000.0,default,
622000,532400,532400,1.0,111000000.0,default,
622000,532A00,532A00,1.0,29000000.0,default,
622000,541511,541511,1.0,2493000000.0,default,
622000,541700,541700,1.0,7057000000.0,default,
622000,621600,621600,0.3695836873406967,1305000000.0,default,
622000,722211,722211,1.0,1663000000.0,default,
623A00,233210,233210,1.0,36000000.0,default,
623A00,446000,446000,1.0,13000000.0,default,
623A00,531ORE,531ORE,1.0,127000000.0,default,
623A00,541511,541511,1.0,6000000.0,default,
623A00,541700,541700,1.0,1000000.0,default,
623A00,621600,621600,1.0,128000000.0,default,
623A00,623B00,623B00,1.0,5000000.0,default,
623A00,722211,722211,1.0,251000000.0,default,
623B00,233210,233210,1.0,6000000.0,default,
623B00,446000,446000,1.0,11000000.0,default,
623B00,531ORE,531ORE,1.0,30000000.0,default,
623B00,541511,541511,1.0,23000000.0,default,
623B00,541700,541700,1.0,8000000.0,default,
623B00,621400,621400,1.0,5000000.0,default,
623B00,621600,621600,1.0,4000000.0,default,
623B00,624100,624100,1.0,160000000.0,default,
623B00,624400,624400,1.0,431000000.0,default,
623B00,722211,722211,1.0,336000000.0,default,
624100,233210,233210,1.0,44000000.0,default,
624100,446000,446000,1.0,17000000.0,default,
624100,541511,541511,1.0,73000000.0,default,
624100,541700,541700,1.0,11000000.0,default,
624100,621400,621400,1.0,258000000.0,default,
624100,624A00,624A00,1.0,2456000000.0,default,
624400,233210,233210,1.0,3000000.0,default,
624400,541511,541511,1.0,2000000.0,default,
624400,541700,541700,1.0,1000000.0,default,
624A00,233210,233210,1.0,89000000.0,default,
624A00,444000,444000,1.0,111000000.0,default,
624A00,446000,446000,1.0,85000000.0,default,
624A00,541511,541511,1.0,36000000.0,default,
624A00,541700,541700,1.0,3000000.0,default,
711100,2332D0,2332D0,1.0,242000000.0,default,
711100,4B0000,4B0000,1.0,145000000.0,default,
711100,531ORE,531ORE,1.0,47000000.0,default,
711100,532A00,532A00,1.0,23000000.0,default,
711100,533000,533000,1.0,13000000.0,default,
711100,541511,541511,1.0,11000000.0,default,
711100,541800,541800,1.0,67000000.0,default,
711100,722211,722211,1.0,311000000.0,default,
711200,2332D0,2332D0,1.0,56000000.0,default,
711200,4B0000,4B0000,1.0,219000000.0,default,
711200,532A00,532A00,1.0,172000000.0,default,
711200,533000,533000,1.0,889000000.0,default,
711200,541511,541511,1.0,21000000.0,default,
711200,541700,541700,1.0,1000000.0,default,
711200,541800,541800,1.0,5468000000.0,default,
711200,611B00,611B00,1.0,289000000.0,default,
711200,711A00,711A00,0.033073929961089495,17000000.0,default,
711200,713200,713200,1.0,2230000000.0,default,
711200,722211,722211,1.0,1291000000.0,default,
711200,812900,812900,1.0,234000000.0,default,
711500,2332D0,2332D0,1.0,44000000.0,default,
711500,4B0000,4B0000,1.0,35000000.0,default,
711500,533000,533000,1.0,306000000.0,default,
711500,541511,541511,1.0,4000000.0,default,
711500,541800,541800,1.0,137000000.0,default,
711500,722211,722211,1.0,3000000.0,default,
711A00,2332D0,2332D0,1.0,152000000.0,default,
711A00,4B0000,4B0000,1.0,209000000.0,default,
711A00,531ORE,531ORE,1.0,506000000.0,default,
711A00,533000,533000,1.0,24000000.0,default,
711A00,541511,541511,1.0,26000000.0,default,
711A00,541700,541700,1.0,1000000.0,default,
711A00,541800,541800,1.0,1862000000.0,default,
711A00,722211,722211,1.0,1867000000.0,default,
712000,2332D0,2332D0,1.0,87000000.0,default,
712000,4B0000,4B0000,1.0,651000000.0,default,
712000,531ORE,531ORE,1.0,417000000.0,default,
712000,532A00,532A00,1.0,20000000.0,default,
712000,533000,533000,1.0,14000000.0,default,
712000,541511,541511,1.0,34000000.0,default,
712000,541700,541700,1.0,2000000.0,default,
712000,541800,541800,1.0,125000000.0,default,
712000,713900,713900,1.0,2000000.0,default,
712000,721000,721000,1.0,7000000.0,default,
712000,722211,722211,1.0,523000000.0,default,
712000,812900,812900,1.0,107000000.0,default,
713100,2332D0,2332D0,1.0,241000000.0,default,
713100,4B0000,4B0000,1.0,1663000000.0,default,
713100,531ORE,531ORE,1.0,53000000.0,default,
713100,532A00,532A00,1.0,150000000.0,default,
713100,541511,541511,1.0,3000000.0,default,
713100,541700,541700,1.0,1000000.0,default,
713100,541800,541800,1.0,71000000.0,default,
713100,721000,721000,1.0,147000000.0,default,
713100,722211,722211,1.0,4076000000.0,default,
713100,812900,812900,1.0,291000000.0,default,
713200,2332D0,2332D0,1.0,75000000.0,default,
713200,4B0000,4B0000,1.0,119000000.0,default,
713200,541511,541511,1.0,31000000.0,default,
713200,541700,541700,1.0,1000000.0,default,
713200,711100,711100,1.0,11000000.0,default,
713200,722211,722211,1.0,806000000.0,default,
713900,2332D0,2332D0,1.0,193000000.0,default,
713900,441000,441000,1.0,80000000.0,default,
713900,4B0000,4B0000,1.0,674000000.0,default,
713900,531ORE,531ORE,1.0,6000000.0,default,
713900,532A00,532A00,1.0,74000000.0,default,
713900,541511,541511,1.0,9000000.0,default,
713900,541700,541700,1.0,1000000.0,default,
713900,611B00,611B00,1.0,2797000000.0,default,
713900,624400,624400,1.0,592000000.0,default,
713900,711200,711200,1.0,1000000.0,default,
713900,711A00,711A00,1.0,1000000.0,default,
713900,713100,713100,1.0,765000000.0,default,
713900,713200,713200,1.0,1000000.0,default,
713900,721000,721000,1.0,38000000.0,default,
713900,722211,722211,1.0,4994000000.0,default,
713900,811400,811400,1.0,98000000.0,default,
713900,812900,812900,1.0,1887000000.0,default,
721000,2332D0,2332D0,1.0,1577000000.0,default,
721000,441000,441000,1.0,10000000.0,default,
721000,445000,445000,1.0,267000000.0,default,
721000,452000,452000,1.0,392000000.0,default,
721000,447000,447000,1.0,44000000.0,default,
721000,454000,454000,1.0,11000000.0,default,
721000,4B0000,4B0000,1.0,622000000.0,default,
721000,517110,517110,1.0,144000000.0,default,
721000,531ORE,531ORE,1.0,1024000000.0,default,
721000,532A00,532A00,1.0,972000000.0,default,
721000,541511,541511,1.0,37000000.0,default,
721000,541700,541700,1.0,2000000.0,default,
721000,711100,711100,1.0,969000000.0,default,
721000,713200,713200,1.0,30245000000.0,C3,
721000,713900,713900,1.0,1084000000.0,default,
721000,722A00,722A00,1.0,44143000000.0,C3,
721000,812300,812300,1.0,113000000.0,default,
721000,812900,812900,1.0,1765000000.0,default,
722110,2332A0,2332A0,1.0,154000000.0,default,
722110,445000,445000,1.0,179000000.0,default,
722110,4B0000,4B0000,1.0,914000000.0,default,
722110,541511,541511,1.0,1000000.0,default,
722110,713200,713200,1.0,351000000.0,default,
722110,721000,721000,1.0,16000000.0,default,
722110,722A00,722A00,1.0,3964000000.0,default,
722211,2332A0,2332A0,1.0,442000000.0,default,
722211,424400,424400,1.0,30000000.0,default,
722211,445000,445000,1.0,201000000.0,default,
722211,4B0000,4B0000,1.0,305000000.0,default,
722211,541511,541511,1.0,1000000.0,default,
722211,713200,713200,1.0,95000000.0,default,
722211,722A00,722A00,0.7633548387096775,2958000000.0,default,
722A00,2332A0,2332A0,1.0,142000000.0,default,
722A00,445000,445000,1.0,104000000.0,default,
722A00,4B0000,4B0000,1.0,177000000.0,default,
722A00,713200,713200,1.0,864000000.0,default,
811100,2332A0,2332A0,1.0,30000000.0,default,
811100,423100,423100,1.0,411000000.0,default,
811100,441000,441000,1.0,1452000000.0,default,
811100,454000,454000,1.0,2000000.0,default,
811100,532100,532100,1.0,6000000.0,default,
811100,532A00,532A00,1.0,65000000.0,default,
811100,541511,541511,1.0,1000000.0,default,
811100,811200,811200,1.0,3000000.0,default,
811100,811300,811300,1.0,24000000.0,default,
811100,811400,811400,1.0,433000000.0,default,
811200,2332A0,2332A0,1.0,23000000.0,default,
811200,423400,423400,1.0,97000000.0,default,
811200,446000,446000,1.0,2000000.0,default,
811200,4B0000,4B0000,1.0,115000000.0,default,
811200,5191A0,5191A0,1.0,714000000.0,default,
811200,532400,532400,1.0,59000000.0,default,
811200,532A00,532A00,1.0,9000000.0,default,
811200,541511,541511,1.0,144000000.0,default,
811200,541700,541700,1.0,10000000.0,default,
811200,811300,811300,1.0,152000000.0,default,
811200,811400,811400,1.0,152000000.0,default,
811300,2332A0,2332A0,1.0,179000000.0,default,
811300,423800,423800,1.0,53000000.0,default,
811300,423A00,423A00,1.0,1000000.0,default,
811300,444000,444000,1.0,171000000.0,default,
811300,532400,532400,1.0,189000000.0,default,
811300,541511,541511,1.0,25000000.0,default,
811300,541700,541700,1.0,1000000.0,default,
811300,811200,811200,1.0,22000000.0,default,
811400,2332A0,2332A0,1.0,37000000.0,default,
811400,452000,452000,1.0,85000000.0,default,
811400,444000,444000,1.0,43000000.0,default,
811400,448000,448000,1.0,3000000.0,default,
811400,4B0000,4B0000,1.0,73000000.0,default,
811400,532A00,532A00,1.0,30000000.0,default,
812100,446000,446000,1.0,1294000000.0,default,
812100,531ORE,531ORE,1.0,59000000.0,default,
812100,611B00,611B00,1.0,10000000.0,default,
812200,2332A0,2332A0,1.0,8000000.0,default,
812200,4B0000,4B0000,1.0,2352000000.0,default,
812300,452000,452000,1.0,16000000.0,default,
812300,4B0000,4B0000,1.0,10000000.0,default,
812300,811400,811400,1.0,263000000.0,default,
812900,2332A0,2332A0,1.0,1000000.0,default,
812900,4B0000,4B0000,1.0,118000000.0,default,
812900,532A00,532A00,1.0,1000000.0,default,
812900,541511,541511,1.0,63000000.0,default,
812900,541700,541700,1.0,2000000.0,default,
812900,541920,541920,1.0,20000000.0,default,
812900,541940,541940,1.0,37000000.0,default,
813100,2332D0,2332D0,1.0,191000000.0,default,
813100,541511,541511,1.0,39000000.0,default,
813A00,2332A0,2332A0,1.0,4000000.0,default,
813A00,4B0000,4B0000,1.0,73000000.0,default,
813A00,531ORE,531ORE,1.0,800000000.0,default,
813A00,541511,541511,1.0,231000000.0,default,
813A00,541800,541800,1.0,94000000.0,default,
813B00,2332A0,2332A0,1.0,14000000.0,default,
813B00,4B0000,4B0000,1.0,230000000.0,default,
813B00,531ORE,531ORE,1.0,411000000.0,default,
813B00,541511,541511,1.0,489000000.0,default,
813B00,541800,541800,1.0,889000000.0,default,
813B00,722110,722110,1.0,1506000000.0,default,
813B00,722211,722211,1.0,1529000000.0,default,
S00500,2332A0,2332A0,1.0,1000000.0,default,
S00500,233412,233412,1.0,2000000.0,default,
S00500,333316,333316,1.0,2000000.0,default,
S00500,339910,339910,1.0,1000000.0,default,
S00500,512200,512200,1.0,36000000.0,default,
S00500,5191A0,5191A0,1.0,13000000.0,default,
S00500,541511,541511,1.0,1769000000.0,default,
S00500,541300,541300,1.0,1171000000.0,default,
S00500,541610,541610,1.0,488000000.0,default,
S00500,5416A0,5416A0,1.0,153000000.0,default,
S00500,541700,541700,1.0,19508000000.0,default,
S00500,5419A0,5419A0,1.0,226000000.0,default,
S00500,611B00,611B00,1.0,201000000.0,default,
S00500,622000,622000,1.0,1342000000.0,default,
S00500,711500,711500,1.0,18000000.0,default,
S00600,113000,113000,1.0,98000000.0,default,
S00600,233210,233210,1.0,12000000.0,default,
S00600,233262,233262,1.0,5000000.0,default,
S00600,2332A0,2332A0,1.0,85000000.0,default,
S00600,233412,233412,1.0,127000000.0,default,
S00600,2334A0,2334A0,1.0,1000000.0,default,
S00600,2332D0,2332D0,1.0,24000000.0,default,
S00600,2332C0,2332C0,1.0,1000000.0,default,
S00600,331410,331410,1.0,4000000.0,default,
S00600,339910,339910,1.0,93000000.0,default,
S00600,323110,323110,1.0,11000000.0,default,
S00600,325180,325180,1.0,11000000.0,default,
S00600,511130,511130,1.0,293000000.0,default,
S00600,525000,525000,1.0,124000000.0,default,
S00600,541511,541511,1.0,1959000000.0,default,
S00600,541700,541700,1.0,17239000000.0,default,
S00600,622000,622000,1.0,2068000000.0,default,
S00600,S00102,S00102,1.0,508000000.0,default,
491000,541511,541511,1.0,61000000.0,default,
S00101,541511,541511,1.0,125000000.0,default,
S00102,452000,452000,1.0,3070000000.0,C1,source
S00102,446000,446000,1.0,58000000.0,default,
S00102,541511,541511,1.0,376000000.0,default,
GSLGE,111400,111400,1.0,5000000.0,default,
GSLGE,233210,233210,1.0,207000000.0,default,
GSLGE,233262,233262,1.0,5764000000.0,default,
GSLGE,2332A0,2332A0,1.0,270000000.0,default,
GSLGE,2334A0,2334A0,1.0,1096000000.0,default,
GSLGE,339910,339910,1.0,63000000.0,default,
GSLGE,339930,339930,1.0,157000000.0,default,
GSLGE,339940,339940,1.0,545000000.0,default,
GSLGE,339990,339990,1.0,169000000.0,default,
GSLGE,31151A,31151A,1.0,25000000.0,default,
GSLGE,311520,311520,1.0,16000000.0,default,
GSLGE,311910,311910,1.0,3000000.0,default,
GSLGE,315000,315000,1.0,836000000.0,default,
GSLGE,322230,322230,1.0,635000000.0,default,
GSLGE,323110,323110,1.0,808000000.0,default,
GSLGE,325620,325620,1.0,84000000.0,default,
GSLGE,3259A0,3259A0,1.0,21000000.0,default,
GSLGE,5111A0,5111A0,1.0,314000000.0,default,
GSLGE,512100,512100,1.0,1000000.0,default,
GSLGE,541511,541511,1.0,748000000.0,default,
GSLGE,541300,541300,1.0,242000000.0,default,
GSLGE,541700,541700,1.0,47086000000.0,default,
GSLGE,561400,561400,1.0,189000000.0,default,
GSLGE,711200,711200,1.0,468000000.0,default,
GSLGE,711A00,711A00,1.0,2000000.0,default,
GSLGE,713900,713900,1.0,2000000.0,default,
GSLGE,721000,721000,1.0,9555000000.0,default,
GSLGE,722A00,722A00,1.0,17833000000.0,default,
GSLGE,812900,812900,1.0,1000000.0,default,
GSLGH,541511,541511,1.0,2435000000.0,default,
GSLGH,541700,541700,1.0,730000000.0,default,
GSLGO,112A00,112A00,0.7132075471698113,378000000.0,default,
GSLGO,113000,113000,1.0,1343000000.0,default,
GSLGO,2123A0,2123A0,1.0,723000000.0,default,
GSLGO,233210,233210,1.0,61000000.0,default,
GSLGO,2332A0,2332A0,1.0,21000000.0,default,
GSLGO,233412,233412,1.0,102000000.0,default,
GSLGO,2332D0,2332D0,1.0,5322000000.0,default,
GSLGO,2332C0,2332C0,1.0,7148000000.0,default,
GSLGO,321100,321100,1.0,200000000.0,default,
GSLGO,339920,339920,1.0,202000000.0,default,
GSLGO,311119,311119,1.0,102000000.0,default,
GSLGO,311910,311910,1.0,1045000000.0,default,
GSLGO,312200,312200,1.0,601000000.0,default,
GSLGO,315000,315000,1.0,407000000.0,default,
GSLGO,323110,323110,1.0,872000000.0,default,
GSLGO,511130,511130,1.0,105000000.0,default,
GSLGO,5111A0,5111A0,1.0,103000000.0,default,
GSLGO,5191A0,5191A0,1.0,986000000.0,default,
GSLGO,525000,525000,1.0,29014000000.0,default,
GSLGO,541511,541511,1.0,1708000000.0,default,
GSLGO,541300,541300,0.9182401812688822,4863000000.0,default,
GSLGO,5416A0,5416A0,0.7183235867446394,737000000.0,default,
GSLGO,561700,561700,1.0,735000000.0,default,
GSLGO,561400,561400,1.0,1545000000.0,default,
GSLGO,561600,561600,0.13656538067599863,400000000.0,default,
GSLGO,561900,561900,1.0,4353000000.0,default,
GSLGO,624400,624400,1.0,3249000000.0,default,
GSLGO,712000,712000,0.3525985663082437,787000000.0,default,
GSLGO,722110,722110,1.0,35000000.0,default,
GSLGO,722211,722211,1.0,877000000.0,default,
GSLGO,722A00,722A00,1.0,23000000.0,default,
GSLGO,812900,812900,1.0,1144000000.0,default,
