series_id,series_title,year,annual_average
WPU1012,Iron and steel scrap,2017,440.4
WPU1012,Iron and steel scrap,2018,523.5
WPU1012,Iron and steel scrap,2019,413.3
WPU1012,Iron and steel scrap,2020,406.6
WPU1012,Iron and steel scrap,2021,689.669
WPU1012,Iron and steel scrap,2022,643.302
WPU1012,Iron and steel scrap,2023,583.069
WPU1012,Iron and steel scrap,2024,542.943
WPU102302,Aluminum base scrap,2017,210.2
WPU102302,Aluminum base scrap,2018,215.6
WPU102302,Aluminum base scrap,2019,178.0
WPU102302,Aluminum base scrap,2020,155.9
WPU102302,Aluminum base scrap,2021,261.1
WPU102302,Aluminum base scrap,2022,282.917
WPU102302,Aluminum base scrap,2023,251.572
WPU102302,Aluminum base scrap,2024,296.144
WPU0912,Recyclable paper,2017,399.9
WPU0912,Recyclable paper,2018,276.9
WPU0912,Recyclable paper,2019,181.2
WPU0912,Recyclable paper,2020,244.6
WPU0912,Recyclable paper,2021,430.132
WPU0912,Recyclable paper,2022,399.99
WPU0912,Recyclable paper,2023,230.048
WPU0912,Recyclable paper,2024,367.971
