direction,commodity,candidate_usd,reference_usd,status
exports,1111A0,21935565285.0,21287000000.0,2
exports,1111B0,18195237765.0,16940000000.0,2
exports,111200,3139391471.0,3649000000.0,2
exports,111300,12618291678.0,7907000000.0,2
exports,111400,532534103.0,995000000.0,2
exports,111900,9509575287.0,7368000000.0,2
exports,112120,125744959.31697877,70000000.0,2
exports,1121A0,288557391.68302125,192000000.0,2
exports,112300,599760025.0,778000000.0,2
exports,112A00,811025675.0,1522000000.0,2
exports,113000,2635816982.0,2551000000.0,2
exports,114000,5470599118.0,5391000000.0,2
exports,115000,12000000.0,86000000.0,2
exports,211000,45005036288.0,41909000000.0,2
exports,212100,9886500006.0,9597000000.0,2
exports,212230,4182080171.0,4060000000.0,2
exports,2122A0,1636325793.0,6797000000.0,2
exports,212310,143852314.0,140000000.0,2
exports,2123A0,2075088307.0,2030000000.0,2
exports,213111,771082574.4742228,0.0,4
exports,21311A,2419917425.5257773,3045000000.0,2
exports,221100,0.0,2744000000.0,3
exports,221200,0.0,559000000.0,3
exports,221300,0.0,705000000.0,3
exports,233210,0.0,0.0,0
exports,233262,0.0,0.0,0
exports,230301,0.0,81000000.0,3
exports,230302,0.0,18000000.0,3
exports,2332A0,0.0,0.0,0
exports,233412,0.0,0.0,0
exports,2334A0,0.0,0.0,0
exports,233230,0.0,0.0,0
exports,2332D0,0.0,0.0,0
exports,233240,0.0,0.0,0
exports,233411,0.0,0.0,0
exports,2332C0,0.0,0.0,0
exports,321100,4400320691.0,4467000000.0,2
exports,321200,1217052439.0,1274000000.0,2
exports,321910,230428176.0,347000000.0,2
exports,3219A0,1735779462.0,918000000.0,2
exports,327100,2023159356.0,1990000000.0,2
exports,327200,5321280630.0,5131000000.0,2
exports,327310,175321253.0,163000000.0,2
exports,327320,4052278.0,92000000.0,2
exports,327330,41968622.0,46000000.0,2
exports,327390,218339921.0,277000000.0,2
exports,327400,287960854.0,283000000.0,2
exports,327910,993364073.0,1214000000.0,2
exports,327991,75140198.0,96000000.0,2
exports,327992,336590044.0,352000000.0,2
exports,327993,965772184.0,970000000.0,1
exports,327999,605196210.0,618000000.0,2
exports,331110,13052125266.0,13196000000.0,1
exports,331200,562555935.0,819000000.0,2
exports,331313,879696176.0,742000000.0,2
exports,33131B,5172323517.0,4820000000.0,2
exports,331410,23793893314.0,4683000000.0,2
exports,331420,2770297888.0,2834000000.0,2
exports,331490,5190604099.0,4917000000.0,2
exports,331510,615109728.0,1202000000.0,2
exports,331520,146799222.0,85000000.0,2
exports,332114,0.0,24000000.0,3
exports,33211A,205224786.0,24000000.0,2
exports,332119,485225426.0,529000000.0,2
exports,332200,2536642551.0,2264000000.0,2
exports,332310,1253124782.0,1200000000.0,2
exports,332320,718082549.0,1083000000.0,2
exports,332410,1610384988.0,1482000000.0,2
exports,332420,1083942020.0,1271000000.0,2
exports,332430,980606266.0,1073000000.0,2
exports,332500,2600463108.0,2602000000.0,1
exports,332600,1591002588.0,930000000.0,2
exports,332710,0.0,353000000.0,3
exports,332720,3976247511.0,4012000000.0,1
exports,332800,0.0,179000000.0,3
exports,332913,318316614.0,312000000.0,2
exports,33291A,11025456917.0,11108000000.0,1
exports,332991,2535723998.0,2030000000.0,2
exports,332996,0.0,97000000.0,3
exports,33299A,2885156863.0,4164000000.0,2
exports,332999,5629848329.0,6048000000.0,2
exports,333111,6829460496.0,8405000000.0,2
exports,333112,1269040932.0,89000000.0,2
exports,333120,11041597530.0,10444000000.0,2
exports,333130,3968213672.0,3829000000.0,2
exports,333242,16797437473.0,13639000000.0,2
exports,33329A,6188754229.0,11580000000.0,2
exports,333314,3808462479.0,4279000000.0,2
exports,333316,1820014497.0,464000000.0,2
exports,333318,2097452953.0,2197000000.0,2
exports,333414,662907997.0,444000000.0,2
exports,333415,4815271184.0,5626000000.0,2
exports,333413,1317533368.0,1396000000.0,2
exports,333511,1013593806.0,890000000.0,2
exports,333514,326870504.0,593000000.0,2
exports,333517,3039304969.0,2290000000.0,2
exports,33351B,1177587665.0,2221000000.0,2
exports,333611,7362403939.0,7272000000.0,1
exports,333612,1926149991.0,3492000000.0,2
exports,333613,1500922402.0,2031000000.0,2
exports,333618,10717823247.0,11640000000.0,2
exports,333912,4787268001.0,2972000000.0,2
exports,333914,4108517763.0,4144000000.0,1
exports,333920,4799339717.0,4996000000.0,2
exports,333991,774139348.0,701000000.0,2
exports,333993,879077378.0,892000000.0,2
exports,333994,811340065.0,1230000000.0,2
exports,33399A,9859273934.0,13582000000.0,2
exports,33399B,3066325351.0,3118000000.0,2
exports,334111,6695347590.0,7137000000.0,2
exports,334112,2163790401.0,2223000000.0,2
exports,334118,10412223321.0,6060000000.0,2
exports,334210,398072945.0,2612000000.0,2
exports,334220,16173600146.0,17307000000.0,2
exports,334290,503365293.0,523000000.0,2
exports,334413,27457895283.0,27419000000.0,1
exports,334418,379059285.0,2839000000.0,2
exports,33441A,6980117153.0,10453000000.0,2
exports,334510,7318512036.0,7672000000.0,2
exports,334511,3204452115.0,6179000000.0,2
exports,334512,194038335.0,196000000.0,1
exports,334513,6295383760.0,5785000000.0,2
exports,334514,563971445.0,294000000.0,2
exports,334515,6059787485.0,6110000000.0,1
exports,334516,5310197682.0,7502000000.0,2
exports,334517,3696449380.0,3931000000.0,2
exports,33451A,5104183136.0,3236000000.0,2
exports,334300,3525745520.0,3209000000.0,2
exports,334610,2376891535.0,267000000.0,2
exports,335110,356184579.0,379000000.0,2
exports,335120,1438855195.0,1455000000.0,1
exports,335210,5123697672.0,1102000000.0,2
exports,335220,2826241279.0,2690000000.0,2
exports,335311,430665288.0,522000000.0,2
exports,335312,4747520013.0,4804000000.0,1
exports,335313,4148232551.0,1927000000.0,2
exports,335314,3890669226.0,6821000000.0,2
exports,335911,2851859369.0,2850000000.0,1
exports,335912,675711539.0,790000000.0,2
exports,335920,5615839017.0,5461000000.0,2
exports,335930,4895928816.0,3187000000.0,2
exports,335991,1375573305.0,1347000000.0,2
exports,335999,5799629053.0,4691000000.0,2
exports,336111,7353506649.780576,23537000000.0,2
exports,336112,48357676905.21942,31734000000.0,2
exports,336120,5653819925.0,6512000000.0,2
exports,336211,8586255753.0,1048000000.0,2
exports,336212,1338070547.0,1340000000.0,1
exports,336213,409832936.0,405000000.0,1
exports,336214,830615723.0,1113000000.0,2
exports,336310,9257474673.0,7981000000.0,2
exports,336320,4577112438.0,4387000000.0,2
exports,336350,2998166626.0,6109000000.0,2
exports,336360,1768223058.0,2202000000.0,2
exports,336370,1615520545.0,1782000000.0,2
exports,336390,15214639833.0,27336000000.0,2
exports,3363A0,14223053616.0,4555000000.0,2
exports,336411,61898637874.91715,52720000000.0,2
exports,336412,21476316810.853413,35982000000.0,2
exports,336413,23189275238.67701,22154000000.0,2
exports,336414,9383537091.830723,1899000000.0,2
exports,33641A,4244869421.7216973,1004000000.0,2
exports,336500,2634052505.0,2223000000.0,2
exports,336611,952741511.0,916000000.0,2
exports,336612,857828024.0,1533000000.0,2
exports,336991,1787565454.0,1764000000.0,2
exports,336992,1774142823.0,1883000000.0,2
exports,336999,709204041.0,438000000.0,2
exports,337110,85849427.0,139000000.0,2
exports,337121,475287189.0,486000000.0,2
exports,337122,156270325.0,871000000.0,2
exports,337127,2019197485.0,1716000000.0,2
exports,33712N,288400103.0,128000000.0,2
exports,337215,1137639275.0,840000000.0,2
exports,33721A,308698631.0,394000000.0,2
exports,337900,223901054.0,237000000.0,2
exports,339112,12698989491.0,13061000000.0,2
exports,339113,9241993941.0,9196000000.0,1
exports,339114,1154293510.0,1338000000.0,2
exports,339115,2320070675.0,1606000000.0,2
exports,339116,496827345.0,19000000.0,2
exports,339910,8233543423.0,8292000000.0,1
exports,339920,1893627884.0,1887000000.0,1
exports,339930,1234672128.0,1311000000.0,2
exports,339940,509487959.0,476000000.0,2
exports,339950,107813755.0,347000000.0,2
exports,339990,6670396367.0,7657000000.0,2
exports,311111,1373260753.0,1424000000.0,2
exports,311119,1696029932.0,2908000000.0,2
exports,311210,2153447618.0,2076000000.0,2
exports,311221,2303480508.0,1904000000.0,2
exports,311225,693097853.0,497000000.0,2
exports,311224,6147049933.0,6629000000.0,2
exports,311230,669994003.0,694000000.0,2
exports,311300,2771091544.0,2919000000.0,2
exports,311410,2061774243.0,2074000000.0,1
exports,311420,3870032532.0,4252000000.0,2
exports,311513,1445323787.0,1845000000.0,2
exports,311514,3462189335.0,3301000000.0,2
exports,31151A,402954677.0,634000000.0,2
exports,311520,209119256.0,292000000.0,2
exports,311615,4309601998.0,3800000000.0,2
exports,31161A,17383898982.0,17501000000.0,1
exports,311700,275281162.0,398000000.0,2
exports,311810,1448596459.0,1764000000.0,2
exports,3118A0,570149163.0,596000000.0,2
exports,311910,1324282693.0,5826000000.0,2
exports,311920,1228106143.0,1262000000.0,2
exports,311930,349253545.0,544000000.0,2
exports,311940,1619832090.0,1652000000.0,2
exports,311990,4848523029.0,5054000000.0,2
exports,312110,1147210509.0,1477000000.0,2
exports,312120,2549663645.0,841000000.0,2
exports,312130,1603211495.0,1640000000.0,2
exports,312140,1643939646.0,1525000000.0,2
exports,312200,197428012.0,1342000000.0,2
exports,313100,1977689069.0,1842000000.0,2
exports,313200,5227848192.0,3039000000.0,2
exports,313300,1229325068.0,1126000000.0,2
exports,314110,935115275.0,939000000.0,1
exports,314120,635716913.0,932000000.0,2
exports,314900,1219716897.0,3233000000.0,2
exports,315000,2826923343.0,3203000000.0,2
exports,316000,2930128400.0,3021000000.0,2
exports,322110,5484718086.0,5326000000.0,2
exports,322120,2587357276.0,10165000000.0,2
exports,322130,5338782858.0,287000000.0,2
exports,322210,2457738881.0,2561000000.0,2
exports,322220,5092061545.0,4660000000.0,2
exports,322230,70211735.0,492000000.0,2
exports,322291,1586973490.0,752000000.0,2
exports,322299,903916889.0,274000000.0,2
exports,323110,4692999510.0,2231000000.0,2
exports,323120,106256101.0,66000000.0,2
exports,324110,82549649056.0,97680000000.0,2
exports,324121,95958059.0,150000000.0,2
exports,324122,396819283.0,397000000.0,1
exports,324190,34910893.0,1683000000.0,2
exports,325110,2554198970.0,6380000000.0,2
exports,325120,526438332.0,569000000.0,2
exports,325130,3163294629.0,3133000000.0,1
exports,325180,13046205153.0,13313000000.0,2
exports,325190,38174219185.0,32439000000.0,2
exports,325211,28574333408.0,30776000000.0,2
exports,3252A0,7436099216.0,5780000000.0,2
exports,325411,2046863458.0,78000000.0,2
exports,325412,22497189085.0,30127000000.0,2
exports,325413,6926349534.0,117000000.0,2
exports,325414,19676493053.0,22574000000.0,2
exports,325310,3525495998.0,3495000000.0,1
exports,325320,3482788011.0,3797000000.0,2
exports,325510,2654393687.0,2909000000.0,2
exports,325520,2374857464.0,2115000000.0,2
exports,325610,7774069600.0,7384000000.0,2
exports,325620,8508392282.0,8502000000.0,1
exports,325910,917950336.0,953000000.0,2
exports,3259A0,7646685830.0,8052000000.0,2
exports,326110,8633878686.0,5185000000.0,2
exports,326120,1863482861.0,1528000000.0,2
exports,326130,0.0,17000000.0,3
exports,326140,0.0,3000000.0,3
exports,326150,0.0,6000000.0,3
exports,326160,625649548.0,651000000.0,2
exports,326190,9888677636.0,12900000000.0,2
exports,326210,4098900840.0,4179000000.0,2
exports,326220,2441246084.0,2423000000.0,1
exports,326290,2355791521.0,2510000000.0,2
exports,423100,0.0,0.0,0
exports,423400,0.0,0.0,0
exports,423600,0.0,0.0,0
exports,423800,0.0,0.0,0
exports,423A00,0.0,0.0,0
exports,424200,0.0,0.0,0
exports,424400,0.0,0.0,0
exports,424700,0.0,0.0,0
exports,424A00,0.0,0.0,0
exports,425000,2177000000.0,2385000000.0,2
exports,4200ID,0.0,0.0,0
exports,441000,0.0,0.0,0
exports,445000,0.0,0.0,0
exports,452000,0.0,0.0,0
exports,444000,0.0,0.0,0
exports,446000,0.0,0.0,0
exports,447000,0.0,0.0,0
exports,448000,0.0,0.0,0
exports,454000,0.0,0.0,0
exports,4B0000,0.0,0.0,0
exports,481000,44894372360.52301,42609000000.0,2
exports,482000,664580774.3715132,1358000000.0,2
exports,483000,3930000000.0,4858000000.0,2
exports,484000,2807131851.640258,1629000000.0,2
exports,485000,0.0,0.0,0
exports,486000,415287373.98822856,256000000.0,2
exports,48A000,0.0,685000000.0,3
exports,492000,4703627639.476991,9411000000.0,2
exports,493000,0.0,166000000.0,3
exports,511110,1286296267.4758503,480000000.0,2
exports,511120,1335614804.0317037,1236000000.0,2
exports,511130,3532869997.313886,2598000000.0,2
exports,5111A0,1136427848.4134467,339000000.0,2
exports,511200,38406000000.0,40953000000.0,2
exports,512100,22680000000.0,20775000000.0,2
exports,512200,3014000000.0,2895000000.0,2
exports,515100,0.0,19000000.0,3
exports,515200,0.0,0.0,0
exports,517110,5972350723.978295,7503000000.0,2
exports,517210,3745592327.3402414,4702000000.0,2
exports,517A00,502056948.6814631,727000000.0,2
exports,518200,3207000000.0,1370000000.0,2
exports,519130,296000000.0,3877000000.0,2
exports,5191A0,1011791082.7651135,829000000.0,2
exports,522A00,29821889618.949924,29227000000.0,2
exports,52A000,54545819629.507996,30778000000.0,2
exports,523900,33368635617.93316,58535000000.0,2
exports,523A00,13996655133.608923,13343000000.0,2
exports,524113,1606114045.7618768,0.0,4
exports,5241XX,10528326962.526072,19554000000.0,2
exports,524200,6841558991.712052,0.0,4
exports,525000,0.0,0.0,0
exports,531HSO,0.0,0.0,0
exports,531HST,0.0,0.0,0
exports,531ORE,0.0,3274000000.0,3
exports,532100,3596507618.109926,2192000000.0,2
exports,532400,2787940470.244592,3883000000.0,2
exports,532A00,794551911.6454825,920000000.0,2
exports,533000,75525000000.0,73049000000.0,2
exports,541100,11301000000.0,14209000000.0,2
exports,541511,10997514912.53631,11016000000.0,1
exports,541512,7958485087.463693,11216000000.0,2
exports,54151A,6674000000.0,8269000000.0,2
exports,541200,2490000000.0,2679000000.0,2
exports,541300,14955000000.0,33253000000.0,2
exports,541610,42110087543.82772,51279000000.0,2
exports,5416A0,11989912456.17228,206000000.0,2
exports,541700,45550000000.0,39414000000.0,2
exports,541800,14524000000.0,20441000000.0,2
exports,541400,0.0,176000000.0,3
exports,541920,0.0,301000000.0,3
exports,541940,0.0,0.0,0
exports,5419A0,3001000000.0,4776000000.0,2
exports,550000,0.0,4296000000.0,3
exports,561300,0.0,975000000.0,3
exports,561700,0.0,58000000.0,3
exports,561100,0.0,0.0,0
exports,561200,0.0,0.0,0
exports,561400,0.0,245000000.0,3
exports,561500,0.0,622000000.0,3
exports,561600,0.0,140000000.0,3
exports,561900,0.0,394000000.0,3
exports,562000,12000000.0,156000000.0,2
exports,611100,340442566.4756289,0.0,4
exports,611A00,1597620347.2315288,1844000000.0,2
exports,611B00,505937086.2928422,736000000.0,2
exports,621100,0.0,181000000.0,3
exports,621200,0.0,100000000.0,3
exports,621300,0.0,100000000.0,3
exports,621400,0.0,106000000.0,3
exports,621500,0.0,100000000.0,3
exports,621600,0.0,100000000.0,3
exports,621900,0.0,100000000.0,3
exports,622000,1098000000.0,2815000000.0,2
exports,623A00,0.0,100000000.0,3
exports,623B00,0.0,100000000.0,3
exports,624100,0.0,0.0,0
exports,624400,0.0,0.0,0
exports,624A00,0.0,0.0,0
exports,711100,201832028.16654345,347000000.0,2
exports,711200,198148344.2132037,294000000.0,2
exports,711500,169975066.09364623,371000000.0,2
exports,711A00,141044561.52660662,533000000.0,2
exports,712000,703191846.3592162,1000000.0,2
exports,713100,0.0,1000000.0,3
exports,713200,0.0,1000000.0,3
exports,713900,2750808153.640784,1000000.0,2
exports,721000,0.0,0.0,0
exports,722110,0.0,1177000000.0,3
exports,722211,0.0,1130000000.0,3
exports,722A00,0.0,400000000.0,3
exports,811100,12298329937.942707,49000000.0,2
exports,811200,3260131762.051025,4000000.0,2
exports,811300,4174155217.3144975,17000000.0,2
exports,811400,3506383082.6917706,5000000.0,2
exports,812100,0.0,0.0,0
exports,812200,0.0,0.0,0
exports,812300,0.0,0.0,0
exports,812900,0.0,0.0,0
exports,813100,0.0,0.0,0
exports,813A00,0.0,0.0,0
exports,813B00,0.0,0.0,0
exports,814000,0.0,0.0,0
exports,S00500,0.0,0.0,0
exports,S00600,0.0,0.0,0
exports,491000,737000000.0,710000000.0,2
exports,S00102,0.0,0.0,0
exports,GSLGE,0.0,0.0,0
exports,GSLGH,0.0,0.0,0
exports,GSLGO,0.0,0.0,0
exports,S00203,0.0,0.0,0
exports,S00401,18187410225.0,19710000000.0,2
exports,S00402,13032639440.0,15515000000.0,2
exports,S00300,0.0,0.0,0
exports,S00900,204438000000.0,204439000000.0,1
imports,1111A0,1024218924.0,963000000.0,2
imports,1111B0,2205625122.0,1646000000.0,2
imports,111200,9442789047.0,8398000000.0,2
imports,111300,22793245098.0,19320000000.0,2
imports,111400,2518299002.0,2661000000.0,2
imports,111900,1767097650.0,1605000000.0,2
imports,112120,8539270.18705036,9000000.0,1
imports,1121A0,1574072137.8129497,1659000000.0,2
imports,112300,92153511.0,102000000.0,2
imports,112A00,4926351820.0,4790000000.0,2
imports,113000,2964387123.0,2608000000.0,2
imports,114000,16898551473.0,15159000000.0,2
imports,115000,3000000.0,141000000.0,2
imports,211000,149881178300.0,146608000000.0,2
imports,212100,671287062.0,575000000.0,2
imports,212230,115701218.0,109000000.0,2
imports,2122A0,2137988122.0,2115000000.0,2
imports,212310,340276642.0,328000000.0,2
imports,2123A0,2118438900.0,1986000000.0,2
imports,213111,0.0,0.0,0
imports,21311A,1100000000.0,1048000000.0,2
imports,221100,2058444044.2229106,2431000000.0,2
imports,221200,0.0,0.0,0
imports,221300,0.0,0.0,0
imports,233210,0.0,0.0,0
imports,233262,0.0,0.0,0
imports,230301,0.0,0.0,0
imports,230302,0.0,0.0,0
imports,2332A0,0.0,0.0,0
imports,233412,0.0,0.0,0
imports,2334A0,0.0,0.0,0
imports,233230,0.0,0.0,0
imports,2332D0,0.0,0.0,0
imports,233240,0.0,0.0,0
imports,233411,0.0,0.0,0
imports,2332C0,0.0,0.0,0
imports,321100,7784016894.0,7674000000.0,2
imports,321200,7209292825.0,7187000000.0,1
imports,321910,2354778581.0,2451000000.0,2
imports,3219A0,3995782172.0,3729000000.0,2
imports,327100,7261921769.0,6960000000.0,2
imports,327200,7684270388.0,7653000000.0,1
imports,327310,1158718666.0,1128000000.0,2
imports,327320,874460.0,1000000.0,1
imports,327330,41342770.0,41000000.0,1
imports,327390,1099343197.0,2093000000.0,2
imports,327400,211874881.0,189000000.0,2
imports,327910,1649588940.0,1828000000.0,2
imports,327991,4073854064.0,3191000000.0,2
imports,327992,422796792.0,464000000.0,2
imports,327993,860049609.0,819000000.0,2
imports,327999,584083704.0,588000000.0,1
imports,331110,35184030244.0,33687000000.0,2
imports,331200,2337474307.0,3713000000.0,2
imports,331313,11434205703.0,10721000000.0,2
imports,33131B,6425945037.0,5927000000.0,2
imports,331410,30773680532.0,18967000000.0,2
imports,331420,3090064859.0,3173000000.0,2
imports,331490,3889409050.0,2491000000.0,2
imports,331510,1362405234.0,901000000.0,2
imports,331520,236375962.0,90000000.0,2
imports,332114,0.0,0.0,0
imports,33211A,145693644.0,0.0,4
imports,332119,678295501.0,649000000.0,2
imports,332200,9054454248.0,7735000000.0,2
imports,332310,4088850507.0,4090000000.0,1
imports,332320,1837854023.0,1685000000.0,2
imports,332410,2365657605.0,2116000000.0,2
imports,332420,1314911614.0,1265000000.0,2
imports,332430,1174565310.0,1069000000.0,2
imports,332500,7876867045.0,7606000000.0,2
imports,332600,3193530261.0,1633000000.0,2
imports,332710,0.0,0.0,0
imports,332720,5486503258.0,4651000000.0,2
imports,332800,0.0,0.0,0
imports,332913,1468283654.0,1228000000.0,2
imports,33291A,16067249959.0,14632000000.0,2
imports,332991,4084361363.0,2885000000.0,2
imports,332996,0.0,0.0,0
imports,33299A,2681647102.0,2639000000.0,2
imports,332999,10825599731.0,9775000000.0,2
imports,333111,7773045648.0,9444000000.0,2
imports,333112,1440796269.0,121000000.0,2
imports,333120,18290911892.0,15202000000.0,2
imports,333130,2221526866.0,1867000000.0,2
imports,333242,13277841365.0,3950000000.0,2
imports,33329A,13639161003.0,16754000000.0,2
imports,333314,5742363388.0,5401000000.0,2
imports,333316,1833168010.0,727000000.0,2
imports,333318,3881173474.0,7512000000.0,2
imports,333414,1338120460.0,1082000000.0,2
imports,333415,11217965660.0,11936000000.0,2
imports,333413,2702275353.0,2514000000.0,2
imports,333511,2640252657.0,2479000000.0,2
imports,333514,1006615650.0,1429000000.0,2
imports,333517,7456418464.0,6324000000.0,2
imports,33351B,3092122799.0,2950000000.0,2
imports,333611,4141622560.0,3371000000.0,2
imports,333612,4234253107.0,4951000000.0,2
imports,333613,2349922782.0,2839000000.0,2
imports,333618,13239615468.0,11921000000.0,2
imports,333912,6431865590.0,3501000000.0,2
imports,333914,5080449647.0,4771000000.0,2
imports,333920,8343420931.0,7779000000.0,2
imports,333991,5289484811.0,4730000000.0,2
imports,333993,2930711763.0,3003000000.0,2
imports,333994,704508692.0,624000000.0,2
imports,33399A,17370382570.0,14702000000.0,2
imports,33399B,5764561477.0,5664000000.0,2
imports,334111,65462030714.0,57773000000.0,2
imports,334112,9956285835.0,5171000000.0,2
imports,334118,22650394839.0,37618000000.0,2
imports,334210,1994268596.0,11116000000.0,2
imports,334220,122988460758.0,96358000000.0,2
imports,334290,1624534030.0,1432000000.0,2
imports,334413,45829755732.0,30324000000.0,2
imports,334418,20589994089.0,757000000.0,2
imports,33441A,15581293118.0,15336000000.0,2
imports,334510,11487765131.0,9414000000.0,2
imports,334511,7192535658.0,5680000000.0,2
imports,334512,1478877711.0,1295000000.0,2
imports,334513,8541016864.0,5375000000.0,2
imports,334514,2227679384.0,2158000000.0,2
imports,334515,6960132748.0,5691000000.0,2
imports,334516,6413457985.0,5257000000.0,2
imports,334517,4068669729.0,3481000000.0,2
imports,33451A,6681368036.0,6133000000.0,2
imports,334300,32354769822.0,28808000000.0,2
imports,334610,10686073012.0,507000000.0,2
imports,335110,1402431028.0,1254000000.0,2
imports,335120,14556308213.0,14038000000.0,2
imports,335210,12659990791.0,11755000000.0,2
imports,335220,17575641612.0,16797000000.0,2
imports,335311,2545683691.0,2287000000.0,2
imports,335312,13236615137.0,11413000000.0,2
imports,335313,12020625957.0,3984000000.0,2
imports,335314,5662581186.0,8831000000.0,2
imports,335911,6977304813.0,6470000000.0,2
imports,335912,970516985.0,815000000.0,2
imports,335920,9223515793.0,7818000000.0,2
imports,335930,6535473145.0,2967000000.0,2
imports,335991,968369287.0,913000000.0,2
imports,335999,12956810192.0,9175000000.0,2
imports,336111,66332409831.52894,66068000000.0,1
imports,336112,129257236582.47105,128742000000.0,1
imports,336120,13248807122.0,15180000000.0,2
imports,336211,687017725.0,65000000.0,2
imports,336212,2097157153.0,2055000000.0,2
imports,336213,284010218.0,281000000.0,1
imports,336214,594217520.0,1122000000.0,2
imports,336310,18355953019.0,17320000000.0,2
imports,336320,20231776147.0,17375000000.0,2
imports,336350,8984402608.0,15660000000.0,2
imports,336360,7521301035.0,8692000000.0,2
imports,336370,629855013.0,572000000.0,2
imports,336390,36892652146.0,35891000000.0,2
imports,3363A0,23016373907.0,12749000000.0,2
imports,336411,13781505809.0,8839000000.0,2
imports,336412,21377371340.0,13535000000.0,2
imports,336413,16472750160.0,14753000000.0,2
imports,336414,19926046.0,391000000.0,2
imports,33641A,739066675.0,718000000.0,2
imports,336500,1139402819.0,3071000000.0,2
imports,336611,886233216.0,495000000.0,2
imports,336612,1582535597.0,1679000000.0,2
imports,336991,4886178891.0,4713000000.0,2
imports,336992,265590084.0,257000000.0,2
imports,336999,1643310075.0,542000000.0,2
imports,337110,1602631574.0,1603000000.0,1
imports,337121,5860093298.0,6012000000.0,2
imports,337122,5631033624.0,12137000000.0,2
imports,337127,14192080246.0,9106000000.0,2
imports,33712N,6822564899.0,4401000000.0,2
imports,337215,7033640977.0,6173000000.0,2
imports,33721A,1825206625.0,1810000000.0,1
imports,337900,2634150660.0,2215000000.0,2
imports,339112,14300446218.0,11966000000.0,2
imports,339113,15862293773.0,17211000000.0,2
imports,339114,1525844609.0,1727000000.0,2
imports,339115,5733613568.0,4759000000.0,2
imports,339116,522436383.0,0.0,4
imports,339910,38817760208.0,13262000000.0,2
imports,339920,8308472796.0,7732000000.0,2
imports,339930,20850962814.0,19427000000.0,2
imports,339940,2117534888.0,1939000000.0,2
imports,339950,299311930.0,282000000.0,2
imports,339990,16309607045.0,15182000000.0,2
imports,311111,842945450.0,830000000.0,2
imports,311119,674122964.0,626000000.0,2
imports,311210,2205560415.0,1582000000.0,2
imports,311221,820541220.0,1073000000.0,2
imports,311225,410405523.0,227000000.0,2
imports,311224,7636877155.0,7597000000.0,1
imports,311230,518141807.0,494000000.0,2
imports,311300,7967285131.0,7651000000.0,2
imports,311410,3597558298.0,3391000000.0,2
imports,311420,7324641178.0,7047000000.0,2
imports,311513,1232218451.0,1222000000.0,1
imports,311514,1316744337.0,1048000000.0,2
imports,31151A,326678882.0,557000000.0,2
imports,311520,66903471.0,65000000.0,2
imports,311615,482109000.0,487000000.0,1
imports,31161A,9813255825.0,9384000000.0,2
imports,311700,2989819029.0,4429000000.0,2
imports,311810,4706351978.0,4710000000.0,1
imports,3118A0,913904133.0,888000000.0,2
imports,311910,906336031.0,3384000000.0,2
imports,311920,2589374505.0,2122000000.0,2
imports,311930,155957703.0,2481000000.0,2
imports,311940,2414318841.0,2401000000.0,1
imports,311990,3305405663.0,3503000000.0,2
imports,312110,3948046903.0,3908000000.0,2
imports,312120,5399917869.0,5266000000.0,2
imports,312130,7974246292.0,7739000000.0,2
imports,312140,6532268555.0,6364000000.0,2
imports,312200,1511100666.0,968000000.0,2
imports,313100,664751862.0,560000000.0,2
imports,313200,6440980038.0,4980000000.0,2
imports,313300,1474812138.0,1526000000.0,2
imports,314110,2903799857.0,2802000000.0,2
imports,314120,12535450313.0,12476000000.0,1
imports,314900,7399562928.0,7656000000.0,2
imports,315000,87236225341.0,85194000000.0,2
imports,316000,39640073977.0,38822000000.0,2
imports,322110,3178488362.0,3015000000.0,2
imports,322120,5574556147.0,8156000000.0,2
imports,322130,2164202812.0,1508000000.0,2
imports,322210,2147102268.0,2166000000.0,1
imports,322220,3759414855.0,5299000000.0,2
imports,322230,374948619.0,320000000.0,2
imports,322291,2381002717.0,1006000000.0,2
imports,322299,1304545559.0,966000000.0,2
imports,323110,5792835068.0,2582000000.0,2
imports,323120,34282583.0,17000000.0,2
imports,324110,51053193561.0,52142000000.0,2
imports,324121,89218472.0,88000000.0,1
imports,324122,272453367.0,269000000.0,2
imports,324190,47007889.0,111000000.0,2
imports,325110,1418651463.0,6222000000.0,2
imports,325120,207658762.0,210000000.0,1
imports,325130,2357630915.0,2190000000.0,2
imports,325180,9304164826.0,8768000000.0,2
imports,325190,38074953000.0,31079000000.0,2
imports,325211,14184010104.0,14219000000.0,1
imports,3252A0,5407620218.0,4464000000.0,2
imports,325411,9933831403.0,93000000.0,2
imports,325412,72562293535.0,90937000000.0,2
imports,325413,4468284373.0,37000000.0,2
imports,325414,26315417799.0,51322000000.0,2
imports,325310,7389941241.0,6669000000.0,2
imports,325320,1178859360.0,1721000000.0,2
imports,325510,1133479657.0,1211000000.0,2
imports,325520,875629307.0,673000000.0,2
imports,325610,3602155084.0,3293000000.0,2
imports,325620,9207908628.0,8145000000.0,2
imports,325910,8802322181.0,160000000.0,2
imports,3259A0,5797959755.0,5615000000.0,2
imports,326110,9889218708.0,4612000000.0,2
imports,326120,1407122045.0,1296000000.0,2
imports,326130,0.0,0.0,0
imports,326140,0.0,0.0,0
imports,326150,0.0,0.0,0
imports,326160,1049479961.0,1006000000.0,2
imports,326190,22038063394.0,22907000000.0,2
imports,326210,14572983911.0,13834000000.0,2
imports,326220,3487711553.0,3217000000.0,2
imports,326290,3434276634.0,3267000000.0,2
imports,423100,0.0,0.0,0
imports,423400,0.0,0.0,0
imports,423600,0.0,0.0,0
imports,423800,0.0,0.0,0
imports,423A00,0.0,0.0,0
imports,424200,0.0,0.0,0
imports,424400,0.0,0.0,0
imports,424700,0.0,0.0,0
imports,424A00,0.0,0.0,0
imports,425000,0.0,0.0,0
imports,4200ID,0.0,0.0,0
imports,441000,0.0,0.0,0
imports,445000,0.0,0.0,0
imports,452000,0.0,0.0,0
imports,444000,0.0,0.0,0
imports,446000,0.0,0.0,0
imports,447000,0.0,0.0,0
imports,448000,0.0,0.0,0
imports,454000,0.0,0.0,0
imports,4B0000,0.0,0.0,0
imports,481000,35749543962.78829,46393000000.0,2
imports,482000,0.0,0.0,0
imports,483000,0.0,0.0,0
imports,484000,0.0,0.0,0
imports,485000,0.0,0.0,0
imports,486000,0.0,0.0,0
imports,48A000,0.0,0.0,0
imports,492000,7456037.211706183,44000000.0,2
imports,493000,0.0,0.0,0
imports,511110,132814422.05726404,147000000.0,2
imports,511120,244848356.30965006,271000000.0,2
imports,511130,1613650053.0222692,1786000000.0,2
imports,5111A0,561976670.2014847,622000000.0,2
imports,511200,9868000000.0,1637000000.0,2
imports,512100,9379000000.0,9710000000.0,2
imports,512200,6140000000.0,1416000000.0,2
imports,515100,0.0,0.0,0
imports,515200,0.0,0.0,0
imports,517110,5113245283.0188675,141000000.0,2
imports,517210,0.0,0.0,0
imports,517A00,652754716.981132,18000000.0,2
imports,518200,883000000.0,439000000.0,2
imports,519130,76000000.0,811000000.0,2
imports,5191A0,2710498.4093319196,3000000.0,1
imports,522A00,0.0,0.0,0
imports,52A000,6601000000.0,6646000000.0,1
imports,523900,0.0,0.0,0
imports,523A00,0.0,57000000.0,3
imports,524113,0.0,0.0,0
imports,5241XX,53267000000.0,53392000000.0,1
imports,524200,0.0,0.0,0
imports,525000,0.0,0.0,0
imports,531HSO,0.0,0.0,0
imports,531HST,0.0,0.0,0
imports,531ORE,0.0,0.0,0
imports,532100,0.0,0.0,0
imports,532400,0.0,0.0,0
imports,532A00,0.0,0.0,0
imports,533000,0.0,0.0,0
imports,541100,3584000000.0,3861000000.0,2
imports,541511,6670126556.562958,13253000000.0,2
imports,541512,6707873443.437041,13328000000.0,2
imports,54151A,20433000000.0,7562000000.0,2
imports,541200,3220000000.0,3367000000.0,2
imports,541300,6104000000.0,14609000000.0,2
imports,541610,33805000000.0,31341000000.0,2
imports,5416A0,0.0,0.0,0
imports,541700,37059000000.0,30833000000.0,2
imports,541800,4485000000.0,7593000000.0,2
imports,541400,0.0,343000000.0,3
imports,541920,0.0,258000000.0,3
imports,541940,0.0,0.0,0
imports,5419A0,1928000000.0,2916000000.0,2
imports,550000,0.0,0.0,0
imports,561300,0.0,1588000000.0,3
imports,561700,0.0,0.0,0
imports,561100,0.0,0.0,0
imports,561200,0.0,0.0,0
imports,561400,0.0,136000000.0,3
imports,561500,0.0,79000000.0,3
imports,561600,0.0,135000000.0,3
imports,561900,0.0,0.0,0
imports,562000,24000000.0,234000000.0,2
imports,611100,0.0,0.0,0
imports,611A00,983000000.0,983000000.0,1
imports,611B00,748000000.0,748000000.0,1
imports,621100,0.0,15000000.0,3
imports,621200,0.0,15000000.0,3
imports,621300,0.0,15000000.0,3
imports,621400,0.0,15000000.0,3
imports,621500,0.0,15000000.0,3
imports,621600,0.0,15000000.0,3
imports,621900,0.0,15000000.0,3
imports,622000,639000000.0,4439000000.0,2
imports,623A00,0.0,15000000.0,3
imports,623B00,0.0,15000000.0,3
imports,624100,0.0,0.0,0
imports,624400,0.0,0.0,0
imports,624A00,0.0,0.0,0
imports,711100,432326283.9879154,432000000.0,1
imports,711200,546412386.7069486,546000000.0,1
imports,711500,0.0,0.0,0
imports,711A00,346261329.30513597,346000000.0,1
imports,712000,0.0,0.0,0
imports,713100,0.0,0.0,0
imports,713200,0.0,0.0,0
imports,713900,0.0,0.0,0
imports,721000,0.0,0.0,0
imports,722110,0.0,0.0,0
imports,722211,0.0,0.0,0
imports,722A00,0.0,0.0,0
imports,811100,0.0,0.0,0
imports,811200,0.0,0.0,0
imports,811300,0.0,0.0,0
imports,811400,6796000000.0,4786000000.0,2
imports,812100,0.0,0.0,0
imports,812200,0.0,0.0,0
imports,812300,0.0,0.0,0
imports,812900,0.0,0.0,0
imports,813100,0.0,0.0,0
imports,813A00,0.0,0.0,0
imports,813B00,0.0,0.0,0
imports,814000,0.0,0.0,0
imports,S00500,0.0,0.0,0
imports,S00600,0.0,0.0,0
imports,491000,333000000.0,289000000.0,2
imports,S00102,0.0,0.0,0
imports,GSLGE,0.0,0.0,0
imports,GSLGH,0.0,0.0,0
imports,GSLGO,0.0,0.0,0
imports,S00203,0.0,0.0,0
imports,S00401,6354621400.0,6707000000.0,2
imports,S00402,11795270718.0,7340000000.0,2
imports,S00300,261261000000.0,260421000000.0,1
imports,S00900,0.0,-26000000.0,3
