ActivitySourceName,Activity,SectorSourceName,Sector,SectorType
CEDA_2025,1111A0,NAICS_2017_Code,111110,
CEDA_2025,1111A0,NAICS_2017_Code,111120,
CEDA_2025,1111B0,NAICS_2017_Code,111130,
CEDA_2025,1111B0,NAICS_2017_Code,111140,
CEDA_2025,1111B0,NAICS_2017_Code,111150,
CEDA_2025,1111B0,NAICS_2017_Code,111160,
CEDA_2025,1111B0,NAICS_2017_Code,111191,
CEDA_2025,1111B0,NAICS_2017_Code,111199,
CEDA_2025,111200,NAICS_2017_Code,111211,
CEDA_2025,111200,NAICS_2017_Code,111219,
CEDA_2025,111300,NAICS_2017_Code,111310,
CEDA_2025,111300,NAICS_2017_Code,111320,
CEDA_2025,111300,NAICS_2017_Code,111331,
CEDA_2025,111300,NAICS_2017_Code,111332,
CEDA_2025,111300,NAICS_2017_Code,111333,
CEDA_2025,111300,NAICS_2017_Code,111334,
CEDA_2025,111300,NAICS_2017_Code,111335,
CEDA_2025,111300,NAICS_2017_Code,111336,
CEDA_2025,111300,NAICS_2017_Code,111339,
CEDA_2025,111400,NAICS_2017_Code,111411,
CEDA_2025,111400,NAICS_2017_Code,111419,
CEDA_2025,111400,NAICS_2017_Code,111421,
CEDA_2025,111400,NAICS_2017_Code,111422,
CEDA_2025,111900,NAICS_2017_Code,111910,
CEDA_2025,111900,NAICS_2017_Code,111920,
CEDA_2025,111900,NAICS_2017_Code,111930,
CEDA_2025,111900,NAICS_2017_Code,111940,
CEDA_2025,111900,NAICS_2017_Code,111991,
CEDA_2025,111900,NAICS_2017_Code,111992,
CEDA_2025,111900,NAICS_2017_Code,111998,
CEDA_2025,1121A0,NAICS_2017_Code,112111,
CEDA_2025,1121A0,NAICS_2017_Code,112112,
CEDA_2025,112120,NAICS_2017_Code,112120,
CEDA_2025,1121A0,NAICS_2017_Code,112130,
CEDA_2025,112A00,NAICS_2017_Code,112210,
CEDA_2025,112300,NAICS_2017_Code,112310,
CEDA_2025,112300,NAICS_2017_Code,112320,
CEDA_2025,112300,NAICS_2017_Code,112330,
CEDA_2025,112300,NAICS_2017_Code,112340,
CEDA_2025,112300,NAICS_2017_Code,112390,
CEDA_2025,112A00,NAICS_2017_Code,112410,
CEDA_2025,112A00,NAICS_2017_Code,112420,
CEDA_2025,112A00,NAICS_2017_Code,112511,
CEDA_2025,112A00,NAICS_2017_Code,112512,
CEDA_2025,112A00,NAICS_2017_Code,112519,
CEDA_2025,112A00,NAICS_2017_Code,112910,
CEDA_2025,112A00,NAICS_2017_Code,112920,
CEDA_2025,112A00,NAICS_2017_Code,112930,
CEDA_2025,112A00,NAICS_2017_Code,112990,
CEDA_2025,113000,NAICS_2017_Code,113110,
CEDA_2025,113000,NAICS_2017_Code,113210,
CEDA_2025,113000,NAICS_2017_Code,113310,
CEDA_2025,114000,NAICS_2017_Code,114111,
CEDA_2025,114000,NAICS_2017_Code,114112,
CEDA_2025,114000,NAICS_2017_Code,114119,
CEDA_2025,114000,NAICS_2017_Code,114210,
CEDA_2025,115000,NAICS_2017_Code,115111,
CEDA_2025,115000,NAICS_2017_Code,115112,
CEDA_2025,115000,NAICS_2017_Code,115113,
CEDA_2025,115000,NAICS_2017_Code,115114,
CEDA_2025,115000,NAICS_2017_Code,115115,
CEDA_2025,115000,NAICS_2017_Code,115116,
CEDA_2025,115000,NAICS_2017_Code,115210,
CEDA_2025,115000,NAICS_2017_Code,115310,
CEDA_2025,211000,NAICS_2017_Code,211120,
CEDA_2025,211000,NAICS_2017_Code,211130,
CEDA_2025,212100,NAICS_2017_Code,212111,
CEDA_2025,212100,NAICS_2017_Code,212112,
CEDA_2025,212100,NAICS_2017_Code,212113,
CEDA_2025,2122A0,NAICS_2017_Code,212210,
CEDA_2025,2122A0,NAICS_2017_Code,212221,
CEDA_2025,2122A0,NAICS_2017_Code,212222,
CEDA_2025,212230,NAICS_2017_Code,212230,
CEDA_2025,2122A0,NAICS_2017_Code,212291,
CEDA_2025,2122A0,NAICS_2017_Code,212299,
CEDA_2025,212310,NAICS_2017_Code,212311,
CEDA_2025,212310,NAICS_2017_Code,212312,
CEDA_2025,212310,NAICS_2017_Code,212313,
CEDA_2025,212310,NAICS_2017_Code,212319,
CEDA_2025,2123A0,NAICS_2017_Code,212321,
CEDA_2025,2123A0,NAICS_2017_Code,212322,
CEDA_2025,2123A0,NAICS_2017_Code,212324,
CEDA_2025,2123A0,NAICS_2017_Code,212325,
CEDA_2025,2123A0,NAICS_2017_Code,212391,
CEDA_2025,2123A0,NAICS_2017_Code,212392,
CEDA_2025,2123A0,NAICS_2017_Code,212393,
CEDA_2025,2123A0,NAICS_2017_Code,212399,
CEDA_2025,213111,NAICS_2017_Code,213111,
CEDA_2025,21311A,NAICS_2017_Code,213112,
CEDA_2025,21311A,NAICS_2017_Code,213113,
CEDA_2025,21311A,NAICS_2017_Code,213114,
CEDA_2025,21311A,NAICS_2017_Code,213115,
CEDA_2025,221100,NAICS_2017_Code,221111,
CEDA_2025,221100,NAICS_2017_Code,221112,
CEDA_2025,221100,NAICS_2017_Code,221113,
CEDA_2025,221100,NAICS_2017_Code,221114,
CEDA_2025,221100,NAICS_2017_Code,221115,
CEDA_2025,221100,NAICS_2017_Code,221116,
CEDA_2025,221100,NAICS_2017_Code,221117,
CEDA_2025,221100,NAICS_2017_Code,221118,
CEDA_2025,221100,NAICS_2017_Code,221121,
CEDA_2025,221100,NAICS_2017_Code,221122,
CEDA_2025,221200,NAICS_2017_Code,221210,
CEDA_2025,221300,NAICS_2017_Code,221310,
CEDA_2025,221300,NAICS_2017_Code,221320,
CEDA_2025,221300,NAICS_2017_Code,221330,
CEDA_2025,233411,NAICS_2017_Code,236115,
CEDA_2025,233412,NAICS_2017_Code,236116,
CEDA_2025,233411,NAICS_2017_Code,236117,
CEDA_2025,233412,NAICS_2017_Code,236117,
CEDA_2025,2334A0,NAICS_2017_Code,236117,
CEDA_2025,230302,NAICS_2017_Code,236118,
CEDA_2025,230301,NAICS_2017_Code,236210,
CEDA_2025,233230,NAICS_2017_Code,236210,
CEDA_2025,230301,NAICS_2017_Code,236220,
CEDA_2025,233210,NAICS_2017_Code,236220,
CEDA_2025,233262,NAICS_2017_Code,236220,
CEDA_2025,2332A0,NAICS_2017_Code,236220,
CEDA_2025,233240,NAICS_2017_Code,237110,
CEDA_2025,233240,NAICS_2017_Code,237120,
CEDA_2025,233240,NAICS_2017_Code,237130,
CEDA_2025,233210,NAICS_2017_Code,237210,
CEDA_2025,233230,NAICS_2017_Code,237210,
CEDA_2025,233240,NAICS_2017_Code,237210,
CEDA_2025,233262,NAICS_2017_Code,237210,
CEDA_2025,2332A0,NAICS_2017_Code,237210,
CEDA_2025,2332C0,NAICS_2017_Code,237210,
CEDA_2025,2332D0,NAICS_2017_Code,237210,
CEDA_2025,233411,NAICS_2017_Code,237210,
CEDA_2025,233412,NAICS_2017_Code,237210,
CEDA_2025,2334A0,NAICS_2017_Code,237210,
CEDA_2025,2332C0,NAICS_2017_Code,237310,
CEDA_2025,2332D0,NAICS_2017_Code,237990,
CEDA_2025,230301,NAICS_2017_Code,238110,
CEDA_2025,230302,NAICS_2017_Code,238110,
CEDA_2025,233210,NAICS_2017_Code,238110,
CEDA_2025,233230,NAICS_2017_Code,238110,
CEDA_2025,233240,NAICS_2017_Code,238110,
CEDA_2025,233262,NAICS_2017_Code,238110,
CEDA_2025,2332A0,NAICS_2017_Code,238110,
CEDA_2025,2332D0,NAICS_2017_Code,238110,
CEDA_2025,233411,NAICS_2017_Code,238110,
CEDA_2025,233412,NAICS_2017_Code,238110,
CEDA_2025,2334A0,NAICS_2017_Code,238110,
CEDA_2025,230301,NAICS_2017_Code,238120,
CEDA_2025,230302,NAICS_2017_Code,238120,
CEDA_2025,233210,NAICS_2017_Code,238120,
CEDA_2025,233230,NAICS_2017_Code,238120,
CEDA_2025,233240,NAICS_2017_Code,238120,
CEDA_2025,233262,NAICS_2017_Code,238120,
CEDA_2025,2332A0,NAICS_2017_Code,238120,
CEDA_2025,2332D0,NAICS_2017_Code,238120,
CEDA_2025,233411,NAICS_2017_Code,238120,
CEDA_2025,233412,NAICS_2017_Code,238120,
CEDA_2025,2334A0,NAICS_2017_Code,238120,
CEDA_2025,230301,NAICS_2017_Code,238130,
CEDA_2025,230302,NAICS_2017_Code,238130,
CEDA_2025,233210,NAICS_2017_Code,238130,
CEDA_2025,233230,NAICS_2017_Code,238130,
CEDA_2025,233240,NAICS_2017_Code,238130,
CEDA_2025,233262,NAICS_2017_Code,238130,
CEDA_2025,2332A0,NAICS_2017_Code,238130,
CEDA_2025,2332D0,NAICS_2017_Code,238130,
CEDA_2025,233411,NAICS_2017_Code,238130,
CEDA_2025,233412,NAICS_2017_Code,238130,
CEDA_2025,2334A0,NAICS_2017_Code,238130,
CEDA_2025,230301,NAICS_2017_Code,238140,
CEDA_2025,230302,NAICS_2017_Code,238140,
CEDA_2025,233210,NAICS_2017_Code,238140,
CEDA_2025,233230,NAICS_2017_Code,238140,
CEDA_2025,233240,NAICS_2017_Code,238140,
CEDA_2025,233262,NAICS_2017_Code,238140,
CEDA_2025,2332A0,NAICS_2017_Code,238140,
CEDA_2025,2332D0,NAICS_2017_Code,238140,
CEDA_2025,233411,NAICS_2017_Code,238140,
CEDA_2025,233412,NAICS_2017_Code,238140,
CEDA_2025,2334A0,NAICS_2017_Code,238140,
CEDA_2025,230301,NAICS_2017_Code,238150,
CEDA_2025,230302,NAICS_2017_Code,238150,
CEDA_2025,233210,NAICS_2017_Code,238150,
CEDA_2025,233230,NAICS_2017_Code,238150,
CEDA_2025,233240,NAICS_2017_Code,238150,
CEDA_2025,233262,NAICS_2017_Code,238150,
CEDA_2025,2332A0,NAICS_2017_Code,238150,
CEDA_2025,2332D0,NAICS_2017_Code,238150,
CEDA_2025,233411,NAICS_2017_Code,238150,
CEDA_2025,233412,NAICS_2017_Code,238150,
CEDA_2025,2334A0,NAICS_2017_Code,238150,
CEDA_2025,230301,NAICS_2017_Code,238160,
CEDA_2025,230302,NAICS_2017_Code,238160,
CEDA_2025,233210,NAICS_2017_Code,238160,
CEDA_2025,233230,NAICS_2017_Code,238160,
CEDA_2025,233240,NAICS_2017_Code,238160,
CEDA_2025,233262,NAICS_2017_Code,238160,
CEDA_2025,2332A0,NAICS_2017_Code,238160,
CEDA_2025,2332D0,NAICS_2017_Code,238160,
CEDA_2025,233411,NAICS_2017_Code,238160,
CEDA_2025,233412,NAICS_2017_Code,238160,
CEDA_2025,2334A0,NAICS_2017_Code,238160,
CEDA_2025,230301,NAICS_2017_Code,238170,
CEDA_2025,230302,NAICS_2017_Code,238170,
CEDA_2025,233210,NAICS_2017_Code,238170,
CEDA_2025,233230,NAICS_2017_Code,238170,
CEDA_2025,233240,NAICS_2017_Code,238170,
CEDA_2025,233262,NAICS_2017_Code,238170,
CEDA_2025,2332A0,NAICS_2017_Code,238170,
CEDA_2025,2332D0,NAICS_2017_Code,238170,
CEDA_2025,233411,NAICS_2017_Code,238170,
CEDA_2025,233412,NAICS_2017_Code,238170,
CEDA_2025,2334A0,NAICS_2017_Code,238170,
CEDA_2025,230301,NAICS_2017_Code,238190,
CEDA_2025,230302,NAICS_2017_Code,238190,
CEDA_2025,233210,NAICS_2017_Code,238190,
CEDA_2025,233230,NAICS_2017_Code,238190,
CEDA_2025,233240,NAICS_2017_Code,238190,
CEDA_2025,233262,NAICS_2017_Code,238190,
CEDA_2025,2332A0,NAICS_2017_Code,238190,
CEDA_2025,2332D0,NAICS_2017_Code,238190,
CEDA_2025,233411,NAICS_2017_Code,238190,
CEDA_2025,233412,NAICS_2017_Code,238190,
CEDA_2025,2334A0,NAICS_2017_Code,238190,
CEDA_2025,230301,NAICS_2017_Code,238210,
CEDA_2025,230302,NAICS_2017_Code,238210,
CEDA_2025,233210,NAICS_2017_Code,238210,
CEDA_2025,233230,NAICS_2017_Code,238210,
CEDA_2025,233240,NAICS_2017_Code,238210,
CEDA_2025,233262,NAICS_2017_Code,238210,
CEDA_2025,2332A0,NAICS_2017_Code,238210,
CEDA_2025,2332D0,NAICS_2017_Code,238210,
CEDA_2025,233411,NAICS_2017_Code,238210,
CEDA_2025,233412,NAICS_2017_Code,238210,
CEDA_2025,2334A0,NAICS_2017_Code,238210,
CEDA_2025,230301,NAICS_2017_Code,238220,
CEDA_2025,230302,NAICS_2017_Code,238220,
CEDA_2025,233210,NAICS_2017_Code,238220,
CEDA_2025,233230,NAICS_2017_Code,238220,
CEDA_2025,233240,NAICS_2017_Code,238220,
CEDA_2025,233262,NAICS_2017_Code,238220,
CEDA_2025,2332A0,NAICS_2017_Code,238220,
CEDA_2025,2332D0,NAICS_2017_Code,238220,
CEDA_2025,233411,NAICS_2017_Code,238220,
CEDA_2025,233412,NAICS_2017_Code,238220,
CEDA_2025,2334A0,NAICS_2017_Code,238220,
CEDA_2025,230301,NAICS_2017_Code,238290,
CEDA_2025,230302,NAICS_2017_Code,238290,
CEDA_2025,233210,NAICS_2017_Code,238290,
CEDA_2025,233230,NAICS_2017_Code,238290,
CEDA_2025,233240,NAICS_2017_Code,238290,
CEDA_2025,233262,NAICS_2017_Code,238290,
CEDA_2025,2332A0,NAICS_2017_Code,238290,
CEDA_2025,2332D0,NAICS_2017_Code,238290,
CEDA_2025,233411,NAICS_2017_Code,238290,
CEDA_2025,233412,NAICS_2017_Code,238290,
CEDA_2025,2334A0,NAICS_2017_Code,238290,
CEDA_2025,230301,NAICS_2017_Code,238310,
CEDA_2025,230302,NAICS_2017_Code,238310,
CEDA_2025,233210,NAICS_2017_Code,238310,
CEDA_2025,233230,NAICS_2017_Code,238310,
CEDA_2025,233240,NAICS_2017_Code,238310,
CEDA_2025,233262,NAICS_2017_Code,238310,
CEDA_2025,2332A0,NAICS_2017_Code,238310,
CEDA_2025,2332D0,NAICS_2017_Code,238310,
CEDA_2025,233411,NAICS_2017_Code,238310,
CEDA_2025,233412,NAICS_2017_Code,238310,
CEDA_2025,2334A0,NAICS_2017_Code,238310,
CEDA_2025,230301,NAICS_2017_Code,238320,
CEDA_2025,230302,NAICS_2017_Code,238320,
CEDA_2025,233210,NAICS_2017_Code,238320,
CEDA_2025,233230,NAICS_2017_Code,238320,
CEDA_2025,233240,NAICS_2017_Code,238320,
CEDA_2025,233262,NAICS_2017_Code,238320,
CEDA_2025,2332A0,NAICS_2017_Code,238320,
CEDA_2025,2332D0,NAICS_2017_Code,238320,
CEDA_2025,233411,NAICS_2017_Code,238320,
CEDA_2025,233412,NAICS_2017_Code,238320,
CEDA_2025,2334A0,NAICS_2017_Code,238320,
CEDA_2025,230301,NAICS_2017_Code,238330,
CEDA_2025,230302,NAICS_2017_Code,238330,
CEDA_2025,233210,NAICS_2017_Code,238330,
CEDA_2025,233230,NAICS_2017_Code,238330,
CEDA_2025,233240,NAICS_2017_Code,238330,
CEDA_2025,233262,NAICS_2017_Code,238330,
CEDA_2025,2332A0,NAICS_2017_Code,238330,
CEDA_2025,2332D0,NAICS_2017_Code,238330,
CEDA_2025,233411,NAICS_2017_Code,238330,
CEDA_2025,233412,NAICS_2017_Code,238330,
CEDA_2025,2334A0,NAICS_2017_Code,238330,
CEDA_2025,230301,NAICS_2017_Code,238340,
CEDA_2025,230302,NAICS_2017_Code,238340,
CEDA_2025,233210,NAICS_2017_Code,238340,
CEDA_2025,233230,NAICS_2017_Code,238340,
CEDA_2025,233240,NAICS_2017_Code,238340,
CEDA_2025,233262,NAICS_2017_Code,238340,
CEDA_2025,2332A0,NAICS_2017_Code,238340,
CEDA_2025,2332D0,NAICS_2017_Code,238340,
CEDA_2025,233411,NAICS_2017_Code,238340,
CEDA_2025,233412,NAICS_2017_Code,238340,
CEDA_2025,2334A0,NAICS_2017_Code,238340,
CEDA_2025,230301,NAICS_2017_Code,238350,
CEDA_2025,230302,NAICS_2017_Code,238350,
CEDA_2025,233210,NAICS_2017_Code,238350,
CEDA_2025,233230,NAICS_2017_Code,238350,
CEDA_2025,233240,NAICS_2017_Code,238350,
CEDA_2025,233262,NAICS_2017_Code,238350,
CEDA_2025,2332A0,NAICS_2017_Code,238350,
CEDA_2025,2332D0,NAICS_2017_Code,238350,
CEDA_2025,233411,NAICS_2017_Code,238350,
CEDA_2025,233412,NAICS_2017_Code,238350,
CEDA_2025,2334A0,NAICS_2017_Code,238350,
CEDA_2025,230301,NAICS_2017_Code,238390,
CEDA_2025,230302,NAICS_2017_Code,238390,
CEDA_2025,233210,NAICS_2017_Code,238390,
CEDA_2025,233230,NAICS_2017_Code,238390,
CEDA_2025,233240,NAICS_2017_Code,238390,
CEDA_2025,233262,NAICS_2017_Code,238390,
CEDA_2025,2332A0,NAICS_2017_Code,238390,
CEDA_2025,2332D0,NAICS_2017_Code,238390,
CEDA_2025,233411,NAICS_2017_Code,238390,
CEDA_2025,233412,NAICS_2017_Code,238390,
CEDA_2025,2334A0,NAICS_2017_Code,238390,
CEDA_2025,230301,NAICS_2017_Code,238910,
CEDA_2025,230302,NAICS_2017_Code,238910,
CEDA_2025,233210,NAICS_2017_Code,238910,
CEDA_2025,233230,NAICS_2017_Code,238910,
CEDA_2025,233240,NAICS_2017_Code,238910,
CEDA_2025,233262,NAICS_2017_Code,238910,
CEDA_2025,2332A0,NAICS_2017_Code,238910,
CEDA_2025,2332D0,NAICS_2017_Code,238910,
CEDA_2025,233411,NAICS_2017_Code,238910,
CEDA_2025,233412,NAICS_2017_Code,238910,
CEDA_2025,2334A0,NAICS_2017_Code,238910,
CEDA_2025,230301,NAICS_2017_Code,238990,
CEDA_2025,230302,NAICS_2017_Code,238990,
CEDA_2025,233210,NAICS_2017_Code,238990,
CEDA_2025,233230,NAICS_2017_Code,238990,
CEDA_2025,233240,NAICS_2017_Code,238990,
CEDA_2025,233262,NAICS_2017_Code,238990,
CEDA_2025,2332A0,NAICS_2017_Code,238990,
CEDA_2025,2332D0,NAICS_2017_Code,238990,
CEDA_2025,233411,NAICS_2017_Code,238990,
CEDA_2025,233412,NAICS_2017_Code,238990,
CEDA_2025,2334A0,NAICS_2017_Code,238990,
CEDA_2025,311111,NAICS_2017_Code,311111,
CEDA_2025,311119,NAICS_2017_Code,311119,
CEDA_2025,311210,NAICS_2017_Code,311211,
CEDA_2025,311210,NAICS_2017_Code,311212,
CEDA_2025,311210,NAICS_2017_Code,311213,
CEDA_2025,311221,NAICS_2017_Code,311221,
CEDA_2025,311224,NAICS_2017_Code,311224,
CEDA_2025,311225,NAICS_2017_Code,311225,
CEDA_2025,311230,NAICS_2017_Code,311230,
CEDA_2025,311300,NAICS_2017_Code,311313,
CEDA_2025,311300,NAICS_2017_Code,311314,
CEDA_2025,311300,NAICS_2017_Code,311340,
CEDA_2025,311300,NAICS_2017_Code,311351,
CEDA_2025,311300,NAICS_2017_Code,311352,
CEDA_2025,311410,NAICS_2017_Code,311411,
CEDA_2025,311410,NAICS_2017_Code,311412,
CEDA_2025,311420,NAICS_2017_Code,311421,
CEDA_2025,311420,NAICS_2017_Code,311422,
CEDA_2025,311420,NAICS_2017_Code,311423,
CEDA_2025,31151A,NAICS_2017_Code,311511,
CEDA_2025,31151A,NAICS_2017_Code,311512,
CEDA_2025,311513,NAICS_2017_Code,311513,
CEDA_2025,311514,NAICS_2017_Code,311514,
CEDA_2025,311520,NAICS_2017_Code,311520,
CEDA_2025,31161A,NAICS_2017_Code,311611,
CEDA_2025,31161A,NAICS_2017_Code,311612,
CEDA_2025,31161A,NAICS_2017_Code,311613,
CEDA_2025,311615,NAICS_2017_Code,311615,
CEDA_2025,311700,NAICS_2017_Code,311710,
CEDA_2025,311810,NAICS_2017_Code,311811,
CEDA_2025,311810,NAICS_2017_Code,311812,
CEDA_2025,311810,NAICS_2017_Code,311813,
CEDA_2025,3118A0,NAICS_2017_Code,311821,
CEDA_2025,3118A0,NAICS_2017_Code,311824,
CEDA_2025,3118A0,NAICS_2017_Code,311830,
CEDA_2025,311910,NAICS_2017_Code,311911,
CEDA_2025,311910,NAICS_2017_Code,311919,
CEDA_2025,311920,NAICS_2017_Code,311920,
CEDA_2025,311930,NAICS_2017_Code,311930,
CEDA_2025,311940,NAICS_2017_Code,311941,
CEDA_2025,311940,NAICS_2017_Code,311942,
CEDA_2025,311990,NAICS_2017_Code,311991,
CEDA_2025,311990,NAICS_2017_Code,311999,
CEDA_2025,312110,NAICS_2017_Code,312111,
CEDA_2025,312110,NAICS_2017_Code,312112,
CEDA_2025,312110,NAICS_2017_Code,312113,
CEDA_2025,312120,NAICS_2017_Code,312120,
CEDA_2025,312130,NAICS_2017_Code,312130,
CEDA_2025,312140,NAICS_2017_Code,312140,
CEDA_2025,312200,NAICS_2017_Code,312230,
CEDA_2025,313100,NAICS_2017_Code,313110,
CEDA_2025,313200,NAICS_2017_Code,313210,
CEDA_2025,313200,NAICS_2017_Code,313220,
CEDA_2025,313200,NAICS_2017_Code,313230,
CEDA_2025,313200,NAICS_2017_Code,313240,
CEDA_2025,313300,NAICS_2017_Code,313310,
CEDA_2025,313300,NAICS_2017_Code,313320,
CEDA_2025,314110,NAICS_2017_Code,314110,
CEDA_2025,314120,NAICS_2017_Code,314120,
CEDA_2025,314900,NAICS_2017_Code,314910,
CEDA_2025,314900,NAICS_2017_Code,314994,
CEDA_2025,314900,NAICS_2017_Code,314999,
CEDA_2025,315000,NAICS_2017_Code,315110,
CEDA_2025,315000,NAICS_2017_Code,315190,
CEDA_2025,315000,NAICS_2017_Code,315210,
CEDA_2025,315000,NAICS_2017_Code,315220,
CEDA_2025,315000,NAICS_2017_Code,315240,
CEDA_2025,315000,NAICS_2017_Code,315280,
CEDA_2025,315000,NAICS_2017_Code,315990,
CEDA_2025,316000,NAICS_2017_Code,316110,
CEDA_2025,316000,NAICS_2017_Code,316210,
CEDA_2025,316000,NAICS_2017_Code,316992,
CEDA_2025,316000,NAICS_2017_Code,316998,
CEDA_2025,321100,NAICS_2017_Code,321113,
CEDA_2025,321100,NAICS_2017_Code,321114,
CEDA_2025,321200,NAICS_2017_Code,321211,
CEDA_2025,321200,NAICS_2017_Code,321212,
CEDA_2025,321200,NAICS_2017_Code,321213,
CEDA_2025,321200,NAICS_2017_Code,321214,
CEDA_2025,321200,NAICS_2017_Code,321219,
CEDA_2025,321910,NAICS_2017_Code,321911,
CEDA_2025,321910,NAICS_2017_Code,321912,
CEDA_2025,321910,NAICS_2017_Code,321918,
CEDA_2025,3219A0,NAICS_2017_Code,321920,
CEDA_2025,3219A0,NAICS_2017_Code,321991,
CEDA_2025,3219A0,NAICS_2017_Code,321992,
CEDA_2025,3219A0,NAICS_2017_Code,321999,
CEDA_2025,322110,NAICS_2017_Code,322110,
CEDA_2025,322120,NAICS_2017_Code,322121,
CEDA_2025,322120,NAICS_2017_Code,322122,
CEDA_2025,322130,NAICS_2017_Code,322130,
CEDA_2025,322210,NAICS_2017_Code,322211,
CEDA_2025,322210,NAICS_2017_Code,322212,
CEDA_2025,322210,NAICS_2017_Code,322219,
CEDA_2025,322220,NAICS_2017_Code,322220,
CEDA_2025,322230,NAICS_2017_Code,322230,
CEDA_2025,322291,NAICS_2017_Code,322291,
CEDA_2025,322299,NAICS_2017_Code,322299,
CEDA_2025,323110,NAICS_2017_Code,323111,
CEDA_2025,323110,NAICS_2017_Code,323113,
CEDA_2025,323110,NAICS_2017_Code,323117,
CEDA_2025,323120,NAICS_2017_Code,323120,
CEDA_2025,324110,NAICS_2017_Code,324110,
CEDA_2025,324121,NAICS_2017_Code,324121,
CEDA_2025,324122,NAICS_2017_Code,324122,
CEDA_2025,324190,NAICS_2017_Code,324191,
CEDA_2025,324190,NAICS_2017_Code,324199,
CEDA_2025,325110,NAICS_2017_Code,325110,
CEDA_2025,325120,NAICS_2017_Code,325120,
CEDA_2025,325130,NAICS_2017_Code,325130,
CEDA_2025,325180,NAICS_2017_Code,325180,
CEDA_2025,325190,NAICS_2017_Code,325193,
CEDA_2025,325190,NAICS_2017_Code,325194,
CEDA_2025,325190,NAICS_2017_Code,325199,
CEDA_2025,325211,NAICS_2017_Code,325211,
CEDA_2025,3252A0,NAICS_2017_Code,325212,
CEDA_2025,3252A0,NAICS_2017_Code,325220,
CEDA_2025,325310,NAICS_2017_Code,325311,
CEDA_2025,325310,NAICS_2017_Code,325312,
CEDA_2025,325310,NAICS_2017_Code,325314,
CEDA_2025,325320,NAICS_2017_Code,325320,
CEDA_2025,325411,NAICS_2017_Code,325411,
CEDA_2025,325412,NAICS_2017_Code,325412,
CEDA_2025,325413,NAICS_2017_Code,325413,
CEDA_2025,325414,NAICS_2017_Code,325414,
CEDA_2025,325510,NAICS_2017_Code,325510,
CEDA_2025,325520,NAICS_2017_Code,325520,
CEDA_2025,325610,NAICS_2017_Code,325611,
CEDA_2025,325610,NAICS_2017_Code,325612,
CEDA_2025,325610,NAICS_2017_Code,325613,
CEDA_2025,325620,NAICS_2017_Code,325620,
CEDA_2025,325910,NAICS_2017_Code,325910,
CEDA_2025,3259A0,NAICS_2017_Code,325920,
CEDA_2025,3259A0,NAICS_2017_Code,325991,
CEDA_2025,3259A0,NAICS_2017_Code,325992,
CEDA_2025,3259A0,NAICS_2017_Code,325998,
CEDA_2025,326110,NAICS_2017_Code,326111,
CEDA_2025,326110,NAICS_2017_Code,326112,
CEDA_2025,326110,NAICS_2017_Code,326113,
CEDA_2025,326120,NAICS_2017_Code,326121,
CEDA_2025,326120,NAICS_2017_Code,326122,
CEDA_2025,326130,NAICS_2017_Code,326130,
CEDA_2025,326140,NAICS_2017_Code,326140,
CEDA_2025,326150,NAICS_2017_Code,326150,
CEDA_2025,326160,NAICS_2017_Code,326160,
CEDA_2025,326190,NAICS_2017_Code,326191,
CEDA_2025,326190,NAICS_2017_Code,326199,
CEDA_2025,326210,NAICS_2017_Code,326211,
CEDA_2025,326210,NAICS_2017_Code,326212,
CEDA_2025,326220,NAICS_2017_Code,326220,
CEDA_2025,326290,NAICS_2017_Code,326291,
CEDA_2025,326290,NAICS_2017_Code,326299,
CEDA_2025,327100,NAICS_2017_Code,327110,
CEDA_2025,327100,NAICS_2017_Code,327120,
CEDA_2025,327200,NAICS_2017_Code,327211,
CEDA_2025,327200,NAICS_2017_Code,327212,
CEDA_2025,327200,NAICS_2017_Code,327213,
CEDA_2025,327200,NAICS_2017_Code,327215,
CEDA_2025,327310,NAICS_2017_Code,327310,
CEDA_2025,327320,NAICS_2017_Code,327320,
CEDA_2025,327330,NAICS_2017_Code,327331,
CEDA_2025,327330,NAICS_2017_Code,327332,
CEDA_2025,327390,NAICS_2017_Code,327390,
CEDA_2025,327400,NAICS_2017_Code,327410,
CEDA_2025,327400,NAICS_2017_Code,327420,
CEDA_2025,327910,NAICS_2017_Code,327910,
CEDA_2025,327991,NAICS_2017_Code,327991,
CEDA_2025,327992,NAICS_2017_Code,327992,
CEDA_2025,327993,NAICS_2017_Code,327993,
CEDA_2025,327999,NAICS_2017_Code,327999,
CEDA_2025,331110,NAICS_2017_Code,331110,
CEDA_2025,331200,NAICS_2017_Code,331210,
CEDA_2025,331200,NAICS_2017_Code,331221,
CEDA_2025,331200,NAICS_2017_Code,331222,
CEDA_2025,331313,NAICS_2017_Code,331313,
CEDA_2025,331314,NAICS_2017_Code,331314,
CEDA_2025,33131B,NAICS_2017_Code,331315,
CEDA_2025,33131B,NAICS_2017_Code,331318,
CEDA_2025,331410,NAICS_2017_Code,331410,
CEDA_2025,331420,NAICS_2017_Code,331420,
CEDA_2025,331490,NAICS_2017_Code,331491,
CEDA_2025,331490,NAICS_2017_Code,331492,
CEDA_2025,331510,NAICS_2017_Code,331511,
CEDA_2025,331510,NAICS_2017_Code,331512,
CEDA_2025,331510,NAICS_2017_Code,331513,
CEDA_2025,331520,NAICS_2017_Code,331523,
CEDA_2025,331520,NAICS_2017_Code,331524,
CEDA_2025,331520,NAICS_2017_Code,331529,
CEDA_2025,33211A,NAICS_2017_Code,332111,
CEDA_2025,33211A,NAICS_2017_Code,332112,
CEDA_2025,332114,NAICS_2017_Code,332114,
CEDA_2025,33211A,NAICS_2017_Code,332117,
CEDA_2025,332119,NAICS_2017_Code,332119,
CEDA_2025,332200,NAICS_2017_Code,332215,
CEDA_2025,332200,NAICS_2017_Code,332216,
CEDA_2025,332310,NAICS_2017_Code,332311,
CEDA_2025,332310,NAICS_2017_Code,332312,
CEDA_2025,332310,NAICS_2017_Code,332313,
CEDA_2025,332320,NAICS_2017_Code,332321,
CEDA_2025,332320,NAICS_2017_Code,332322,
CEDA_2025,332320,NAICS_2017_Code,332323,
CEDA_2025,332410,NAICS_2017_Code,332410,
CEDA_2025,332420,NAICS_2017_Code,332420,
CEDA_2025,332430,NAICS_2017_Code,332431,
CEDA_2025,332430,NAICS_2017_Code,332439,
CEDA_2025,332500,NAICS_2017_Code,332510,
CEDA_2025,332600,NAICS_2017_Code,332613,
CEDA_2025,332600,NAICS_2017_Code,332618,
CEDA_2025,332710,NAICS_2017_Code,332710,
CEDA_2025,332720,NAICS_2017_Code,332721,
CEDA_2025,332720,NAICS_2017_Code,332722,
CEDA_2025,332800,NAICS_2017_Code,332811,
CEDA_2025,332800,NAICS_2017_Code,332812,
CEDA_2025,332800,NAICS_2017_Code,332813,
CEDA_2025,33291A,NAICS_2017_Code,332911,
CEDA_2025,33291A,NAICS_2017_Code,332912,
CEDA_2025,332913,NAICS_2017_Code,332913,
CEDA_2025,33291A,NAICS_2017_Code,332919,
CEDA_2025,332991,NAICS_2017_Code,332991,
CEDA_2025,33299A,NAICS_2017_Code,332992,
CEDA_2025,33299A,NAICS_2017_Code,332993,
CEDA_2025,33299A,NAICS_2017_Code,332994,
CEDA_2025,332996,NAICS_2017_Code,332996,
CEDA_2025,332999,NAICS_2017_Code,332999,
CEDA_2025,333111,NAICS_2017_Code,333111,
CEDA_2025,333112,NAICS_2017_Code,333112,
CEDA_2025,333120,NAICS_2017_Code,333120,
CEDA_2025,333130,NAICS_2017_Code,333131,
CEDA_2025,333130,NAICS_2017_Code,333132,
CEDA_2025,33329A,NAICS_2017_Code,333241,
CEDA_2025,333242,NAICS_2017_Code,333242,
CEDA_2025,33329A,NAICS_2017_Code,333243,
CEDA_2025,33329A,NAICS_2017_Code,333244,
CEDA_2025,33329A,NAICS_2017_Code,333249,
CEDA_2025,333314,NAICS_2017_Code,333314,
CEDA_2025,333316,NAICS_2017_Code,333316,
CEDA_2025,333318,NAICS_2017_Code,333318,
CEDA_2025,333413,NAICS_2017_Code,333413,
CEDA_2025,333414,NAICS_2017_Code,333414,
CEDA_2025,333415,NAICS_2017_Code,333415,
CEDA_2025,333511,NAICS_2017_Code,333511,
CEDA_2025,333514,NAICS_2017_Code,333514,
CEDA_2025,33351B,NAICS_2017_Code,333515,
CEDA_2025,333517,NAICS_2017_Code,333517,
CEDA_2025,33351B,NAICS_2017_Code,333519,
CEDA_2025,333611,NAICS_2017_Code,333611,
CEDA_2025,333612,NAICS_2017_Code,333612,
CEDA_2025,333613,NAICS_2017_Code,333613,
CEDA_2025,333618,NAICS_2017_Code,333618,
CEDA_2025,333912,NAICS_2017_Code,333912,
CEDA_2025,333914,NAICS_2017_Code,333914,
CEDA_2025,333920,NAICS_2017_Code,333921,
CEDA_2025,333920,NAICS_2017_Code,333922,
CEDA_2025,333920,NAICS_2017_Code,333923,
CEDA_2025,333920,NAICS_2017_Code,333924,
CEDA_2025,333991,NAICS_2017_Code,333991,
CEDA_2025,33399A,NAICS_2017_Code,333992,
CEDA_2025,333993,NAICS_2017_Code,333993,
CEDA_2025,333994,NAICS_2017_Code,333994,
CEDA_2025,33399B,NAICS_2017_Code,333995,
CEDA_2025,33399B,NAICS_2017_Code,333996,
CEDA_2025,33399A,NAICS_2017_Code,333997,
CEDA_2025,33399A,NAICS_2017_Code,333999,
CEDA_2025,334111,NAICS_2017_Code,334111,
CEDA_2025,334112,NAICS_2017_Code,334112,
CEDA_2025,334118,NAICS_2017_Code,334118,
CEDA_2025,334210,NAICS_2017_Code,334210,
CEDA_2025,334220,NAICS_2017_Code,334220,
CEDA_2025,334290,NAICS_2017_Code,334290,
CEDA_2025,334300,NAICS_2017_Code,334310,
CEDA_2025,33441A,NAICS_2017_Code,334412,
CEDA_2025,334413,NAICS_2017_Code,334413,
CEDA_2025,33441A,NAICS_2017_Code,334416,
CEDA_2025,33441A,NAICS_2017_Code,334417,
CEDA_2025,334418,NAICS_2017_Code,334418,
CEDA_2025,33441A,NAICS_2017_Code,334419,
CEDA_2025,334510,NAICS_2017_Code,334510,
CEDA_2025,334511,NAICS_2017_Code,334511,
CEDA_2025,334512,NAICS_2017_Code,334512,
CEDA_2025,334513,NAICS_2017_Code,334513,
CEDA_2025,334514,NAICS_2017_Code,334514,
CEDA_2025,334515,NAICS_2017_Code,334515,
CEDA_2025,334516,NAICS_2017_Code,334516,
CEDA_2025,334517,NAICS_2017_Code,334517,
CEDA_2025,33451A,NAICS_2017_Code,334519,
CEDA_2025,334610,NAICS_2017_Code,334613,
CEDA_2025,334610,NAICS_2017_Code,334614,
CEDA_2025,335110,NAICS_2017_Code,335110,
CEDA_2025,335120,NAICS_2017_Code,335121,
CEDA_2025,335120,NAICS_2017_Code,335122,
CEDA_2025,335120,NAICS_2017_Code,335129,
CEDA_2025,335210,NAICS_2017_Code,335210,
CEDA_2025,335220,NAICS_2017_Code,335220,
CEDA_2025,335311,NAICS_2017_Code,335311,
CEDA_2025,335312,NAICS_2017_Code,335312,
CEDA_2025,335313,NAICS_2017_Code,335313,
CEDA_2025,335314,NAICS_2017_Code,335314,
CEDA_2025,335911,NAICS_2017_Code,335911,
CEDA_2025,335912,NAICS_2017_Code,335912,
CEDA_2025,335920,NAICS_2017_Code,335921,
CEDA_2025,335920,NAICS_2017_Code,335929,
CEDA_2025,335930,NAICS_2017_Code,335931,
CEDA_2025,335930,NAICS_2017_Code,335932,
CEDA_2025,335991,NAICS_2017_Code,335991,
CEDA_2025,335999,NAICS_2017_Code,335999,
CEDA_2025,336111,NAICS_2017_Code,336111,
CEDA_2025,336112,NAICS_2017_Code,336112,
CEDA_2025,336120,NAICS_2017_Code,336120,
CEDA_2025,336211,NAICS_2017_Code,336211,
CEDA_2025,336212,NAICS_2017_Code,336212,
CEDA_2025,336213,NAICS_2017_Code,336213,
CEDA_2025,336214,NAICS_2017_Code,336214,
CEDA_2025,336310,NAICS_2017_Code,336310,
CEDA_2025,336320,NAICS_2017_Code,336320,
CEDA_2025,3363A0,NAICS_2017_Code,336330,
CEDA_2025,3363A0,NAICS_2017_Code,336340,
CEDA_2025,336350,NAICS_2017_Code,336350,
CEDA_2025,336360,NAICS_2017_Code,336360,
CEDA_2025,336370,NAICS_2017_Code,336370,
CEDA_2025,336390,NAICS_2017_Code,336390,
CEDA_2025,336411,NAICS_2017_Code,336411,
CEDA_2025,336412,NAICS_2017_Code,336412,
CEDA_2025,336413,NAICS_2017_Code,336413,
CEDA_2025,336414,NAICS_2017_Code,336414,
CEDA_2025,33641A,NAICS_2017_Code,336415,
CEDA_2025,33641A,NAICS_2017_Code,336419,
CEDA_2025,336500,NAICS_2017_Code,336510,
CEDA_2025,336611,NAICS_2017_Code,336611,
CEDA_2025,336612,NAICS_2017_Code,336612,
CEDA_2025,336991,NAICS_2017_Code,336991,
CEDA_2025,336992,NAICS_2017_Code,336992,
CEDA_2025,336999,NAICS_2017_Code,336999,
CEDA_2025,337110,NAICS_2017_Code,337110,
CEDA_2025,337121,NAICS_2017_Code,337121,
CEDA_2025,337122,NAICS_2017_Code,337122,
CEDA_2025,33712N,NAICS_2017_Code,337124,
CEDA_2025,33712N,NAICS_2017_Code,337125,
CEDA_2025,337127,NAICS_2017_Code,337127,
CEDA_2025,33721A,NAICS_2017_Code,337211,
CEDA_2025,33721A,NAICS_2017_Code,337212,
CEDA_2025,33721A,NAICS_2017_Code,337214,
CEDA_2025,337215,NAICS_2017_Code,337215,
CEDA_2025,337900,NAICS_2017_Code,337910,
CEDA_2025,337900,NAICS_2017_Code,337920,
CEDA_2025,339112,NAICS_2017_Code,339112,
CEDA_2025,339113,NAICS_2017_Code,339113,
CEDA_2025,339114,NAICS_2017_Code,339114,
CEDA_2025,339115,NAICS_2017_Code,339115,
CEDA_2025,339116,NAICS_2017_Code,339116,
CEDA_2025,339910,NAICS_2017_Code,339910,
CEDA_2025,339920,NAICS_2017_Code,339920,
CEDA_2025,339930,NAICS_2017_Code,339930,
CEDA_2025,339940,NAICS_2017_Code,339940,
CEDA_2025,339950,NAICS_2017_Code,339950,
CEDA_2025,339990,NAICS_2017_Code,339991,
CEDA_2025,339990,NAICS_2017_Code,339992,
CEDA_2025,339990,NAICS_2017_Code,339993,
CEDA_2025,339990,NAICS_2017_Code,339994,
CEDA_2025,339990,NAICS_2017_Code,339995,
CEDA_2025,339990,NAICS_2017_Code,339999,
CEDA_2025,423100,NAICS_2017_Code,423110,
CEDA_2025,423100,NAICS_2017_Code,423120,
CEDA_2025,423100,NAICS_2017_Code,423130,
CEDA_2025,423100,NAICS_2017_Code,423140,
CEDA_2025,423A00,NAICS_2017_Code,423210,
CEDA_2025,423A00,NAICS_2017_Code,423220,
CEDA_2025,423A00,NAICS_2017_Code,423310,
CEDA_2025,423A00,NAICS_2017_Code,423320,
CEDA_2025,423A00,NAICS_2017_Code,423330,
CEDA_2025,423A00,NAICS_2017_Code,423390,
CEDA_2025,423400,NAICS_2017_Code,423410,
CEDA_2025,423400,NAICS_2017_Code,423420,
CEDA_2025,423400,NAICS_2017_Code,423430,
CEDA_2025,423400,NAICS_2017_Code,423440,
CEDA_2025,423400,NAICS_2017_Code,423450,
CEDA_2025,423400,NAICS_2017_Code,423460,
CEDA_2025,423400,NAICS_2017_Code,423490,
CEDA_2025,423A00,NAICS_2017_Code,423510,
CEDA_2025,423A00,NAICS_2017_Code,423520,
CEDA_2025,423600,NAICS_2017_Code,423610,
CEDA_2025,423600,NAICS_2017_Code,423620,
CEDA_2025,423600,NAICS_2017_Code,423690,
CEDA_2025,423A00,NAICS_2017_Code,423710,
CEDA_2025,423A00,NAICS_2017_Code,423720,
CEDA_2025,423A00,NAICS_2017_Code,423730,
CEDA_2025,423A00,NAICS_2017_Code,423740,
CEDA_2025,423800,NAICS_2017_Code,423810,
CEDA_2025,423800,NAICS_2017_Code,423820,
CEDA_2025,423800,NAICS_2017_Code,423830,
CEDA_2025,423800,NAICS_2017_Code,423840,
CEDA_2025,423800,NAICS_2017_Code,423850,
CEDA_2025,423800,NAICS_2017_Code,423860,
CEDA_2025,423A00,NAICS_2017_Code,423910,
CEDA_2025,423A00,NAICS_2017_Code,423920,
CEDA_2025,423A00,NAICS_2017_Code,423930,
CEDA_2025,423A00,NAICS_2017_Code,423940,
CEDA_2025,423A00,NAICS_2017_Code,423990,
CEDA_2025,424A00,NAICS_2017_Code,424110,
CEDA_2025,424A00,NAICS_2017_Code,424120,
CEDA_2025,424A00,NAICS_2017_Code,424130,
CEDA_2025,424200,NAICS_2017_Code,424210,
CEDA_2025,424A00,NAICS_2017_Code,424310,
CEDA_2025,424A00,NAICS_2017_Code,424320,
CEDA_2025,424A00,NAICS_2017_Code,424330,
CEDA_2025,424A00,NAICS_2017_Code,424340,
CEDA_2025,424400,NAICS_2017_Code,424410,
CEDA_2025,424400,NAICS_2017_Code,424420,
CEDA_2025,424400,NAICS_2017_Code,424430,
CEDA_2025,424400,NAICS_2017_Code,424440,
CEDA_2025,424400,NAICS_2017_Code,424450,
CEDA_2025,424400,NAICS_2017_Code,424460,
CEDA_2025,424400,NAICS_2017_Code,424470,
CEDA_2025,424400,NAICS_2017_Code,424480,
CEDA_2025,424400,NAICS_2017_Code,424490,
CEDA_2025,424A00,NAICS_2017_Code,424510,
CEDA_2025,424A00,NAICS_2017_Code,424520,
CEDA_2025,424A00,NAICS_2017_Code,424590,
CEDA_2025,424A00,NAICS_2017_Code,424610,
CEDA_2025,424A00,NAICS_2017_Code,424690,
CEDA_2025,424700,NAICS_2017_Code,424710,
CEDA_2025,424700,NAICS_2017_Code,424720,
CEDA_2025,424A00,NAICS_2017_Code,424810,
CEDA_2025,424A00,NAICS_2017_Code,424820,
CEDA_2025,424A00,NAICS_2017_Code,424910,
CEDA_2025,424A00,NAICS_2017_Code,424920,
CEDA_2025,424A00,NAICS_2017_Code,424930,
CEDA_2025,424A00,NAICS_2017_Code,424940,
CEDA_2025,424A00,NAICS_2017_Code,424950,
CEDA_2025,424A00,NAICS_2017_Code,424990,
CEDA_2025,425000,NAICS_2017_Code,425110,
CEDA_2025,425000,NAICS_2017_Code,425120,
CEDA_2025,441000,NAICS_2017_Code,441110,
CEDA_2025,441000,NAICS_2017_Code,441120,
CEDA_2025,441000,NAICS_2017_Code,441210,
CEDA_2025,441000,NAICS_2017_Code,441222,
CEDA_2025,441000,NAICS_2017_Code,441228,
CEDA_2025,441000,NAICS_2017_Code,441310,
CEDA_2025,441000,NAICS_2017_Code,441320,
CEDA_2025,4B0000,NAICS_2017_Code,442110,
CEDA_2025,4B0000,NAICS_2017_Code,442210,
CEDA_2025,4B0000,NAICS_2017_Code,442291,
CEDA_2025,4B0000,NAICS_2017_Code,442299,
CEDA_2025,4B0000,NAICS_2017_Code,443141,
CEDA_2025,4B0000,NAICS_2017_Code,443142,
CEDA_2025,444000,NAICS_2017_Code,444110,
CEDA_2025,444000,NAICS_2017_Code,444120,
CEDA_2025,444000,NAICS_2017_Code,444130,
CEDA_2025,444000,NAICS_2017_Code,444190,
CEDA_2025,444000,NAICS_2017_Code,444210,
CEDA_2025,444000,NAICS_2017_Code,444220,
CEDA_2025,445000,NAICS_2017_Code,445110,
CEDA_2025,445000,NAICS_2017_Code,445120,
CEDA_2025,445000,NAICS_2017_Code,445210,
CEDA_2025,445000,NAICS_2017_Code,445220,
CEDA_2025,445000,NAICS_2017_Code,445230,
CEDA_2025,445000,NAICS_2017_Code,445291,
CEDA_2025,445000,NAICS_2017_Code,445292,
CEDA_2025,445000,NAICS_2017_Code,445299,
CEDA_2025,445000,NAICS_2017_Code,445310,
CEDA_2025,446000,NAICS_2017_Code,446110,
CEDA_2025,446000,NAICS_2017_Code,446120,
CEDA_2025,446000,NAICS_2017_Code,446130,
CEDA_2025,446000,NAICS_2017_Code,446191,
CEDA_2025,446000,NAICS_2017_Code,446199,
CEDA_2025,447000,NAICS_2017_Code,447110,
CEDA_2025,447000,NAICS_2017_Code,447190,
CEDA_2025,448000,NAICS_2017_Code,448110,
CEDA_2025,448000,NAICS_2017_Code,448120,
CEDA_2025,448000,NAICS_2017_Code,448130,
CEDA_2025,448000,NAICS_2017_Code,448140,
CEDA_2025,448000,NAICS_2017_Code,448150,
CEDA_2025,448000,NAICS_2017_Code,448190,
CEDA_2025,448000,NAICS_2017_Code,448210,
CEDA_2025,448000,NAICS_2017_Code,448310,
CEDA_2025,448000,NAICS_2017_Code,448320,
CEDA_2025,4B0000,NAICS_2017_Code,451110,
CEDA_2025,4B0000,NAICS_2017_Code,451120,
CEDA_2025,4B0000,NAICS_2017_Code,451130,
CEDA_2025,4B0000,NAICS_2017_Code,451140,
CEDA_2025,4B0000,NAICS_2017_Code,451211,
CEDA_2025,4B0000,NAICS_2017_Code,451212,
CEDA_2025,452000,NAICS_2017_Code,452210,
CEDA_2025,452000,NAICS_2017_Code,452311,
CEDA_2025,452000,NAICS_2017_Code,452319,
CEDA_2025,4B0000,NAICS_2017_Code,453110,
CEDA_2025,4B0000,NAICS_2017_Code,453210,
CEDA_2025,4B0000,NAICS_2017_Code,453220,
CEDA_2025,4B0000,NAICS_2017_Code,453310,
CEDA_2025,4B0000,NAICS_2017_Code,453910,
CEDA_2025,4B0000,NAICS_2017_Code,453920,
CEDA_2025,4B0000,NAICS_2017_Code,453930,
CEDA_2025,4B0000,NAICS_2017_Code,453991,
CEDA_2025,4B0000,NAICS_2017_Code,453998,
CEDA_2025,454000,NAICS_2017_Code,454110,
CEDA_2025,454000,NAICS_2017_Code,454210,
CEDA_2025,454000,NAICS_2017_Code,454310,
CEDA_2025,454000,NAICS_2017_Code,454390,
CEDA_2025,481000,NAICS_2017_Code,481111,
CEDA_2025,481000,NAICS_2017_Code,481112,
CEDA_2025,481000,NAICS_2017_Code,481211,
CEDA_2025,481000,NAICS_2017_Code,481212,
CEDA_2025,481000,NAICS_2017_Code,481219,
CEDA_2025,482000,NAICS_2017_Code,482111,
CEDA_2025,482000,NAICS_2017_Code,482112,
CEDA_2025,483000,NAICS_2017_Code,483111,
CEDA_2025,483000,NAICS_2017_Code,483112,
CEDA_2025,483000,NAICS_2017_Code,483113,
CEDA_2025,483000,NAICS_2017_Code,483114,
CEDA_2025,483000,NAICS_2017_Code,483211,
CEDA_2025,483000,NAICS_2017_Code,483212,
CEDA_2025,484000,NAICS_2017_Code,484110,
CEDA_2025,484000,NAICS_2017_Code,484121,
CEDA_2025,484000,NAICS_2017_Code,484122,
CEDA_2025,484000,NAICS_2017_Code,484210,
CEDA_2025,484000,NAICS_2017_Code,484220,
CEDA_2025,484000,NAICS_2017_Code,484230,
CEDA_2025,485000,NAICS_2017_Code,485111,
CEDA_2025,485000,NAICS_2017_Code,485112,
CEDA_2025,485000,NAICS_2017_Code,485113,
CEDA_2025,485000,NAICS_2017_Code,485119,
CEDA_2025,485000,NAICS_2017_Code,485210,
CEDA_2025,485000,NAICS_2017_Code,485310,
CEDA_2025,485000,NAICS_2017_Code,485320,
CEDA_2025,485000,NAICS_2017_Code,485410,
CEDA_2025,485000,NAICS_2017_Code,485510,
CEDA_2025,485000,NAICS_2017_Code,485991,
CEDA_2025,485000,NAICS_2017_Code,485999,
CEDA_2025,486000,NAICS_2017_Code,486110,
CEDA_2025,486000,NAICS_2017_Code,486210,
CEDA_2025,486000,NAICS_2017_Code,486910,
CEDA_2025,486000,NAICS_2017_Code,486990,
CEDA_2025,48A000,NAICS_2017_Code,487110,
CEDA_2025,48A000,NAICS_2017_Code,487210,
CEDA_2025,48A000,NAICS_2017_Code,487990,
CEDA_2025,48A000,NAICS_2017_Code,488111,
CEDA_2025,48A000,NAICS_2017_Code,488119,
CEDA_2025,48A000,NAICS_2017_Code,488190,
CEDA_2025,48A000,NAICS_2017_Code,488210,
CEDA_2025,48A000,NAICS_2017_Code,488310,
CEDA_2025,48A000,NAICS_2017_Code,488320,
CEDA_2025,48A000,NAICS_2017_Code,488330,
CEDA_2025,48A000,NAICS_2017_Code,488390,
CEDA_2025,48A000,NAICS_2017_Code,488410,
CEDA_2025,48A000,NAICS_2017_Code,488490,
CEDA_2025,48A000,NAICS_2017_Code,488510,
CEDA_2025,48A000,NAICS_2017_Code,488991,
CEDA_2025,48A000,NAICS_2017_Code,488999,
CEDA_2025,491000,NAICS_2017_Code,491110,
CEDA_2025,492000,NAICS_2017_Code,492110,
CEDA_2025,492000,NAICS_2017_Code,492210,
CEDA_2025,493000,NAICS_2017_Code,493110,
CEDA_2025,493000,NAICS_2017_Code,493120,
CEDA_2025,493000,NAICS_2017_Code,493130,
CEDA_2025,493000,NAICS_2017_Code,493190,
CEDA_2025,511110,NAICS_2017_Code,511110,
CEDA_2025,511120,NAICS_2017_Code,511120,
CEDA_2025,511130,NAICS_2017_Code,511130,
CEDA_2025,5111A0,NAICS_2017_Code,511140,
CEDA_2025,5111A0,NAICS_2017_Code,511191,
CEDA_2025,5111A0,NAICS_2017_Code,511199,
CEDA_2025,511200,NAICS_2017_Code,511210,
CEDA_2025,512100,NAICS_2017_Code,512110,
CEDA_2025,512100,NAICS_2017_Code,512120,
CEDA_2025,512100,NAICS_2017_Code,512131,
CEDA_2025,512100,NAICS_2017_Code,512132,
CEDA_2025,512100,NAICS_2017_Code,512191,
CEDA_2025,512100,NAICS_2017_Code,512199,
CEDA_2025,512200,NAICS_2017_Code,512230,
CEDA_2025,512200,NAICS_2017_Code,512240,
CEDA_2025,512200,NAICS_2017_Code,512250,
CEDA_2025,512200,NAICS_2017_Code,512290,
CEDA_2025,515100,NAICS_2017_Code,515111,
CEDA_2025,515100,NAICS_2017_Code,515112,
CEDA_2025,515100,NAICS_2017_Code,515120,
CEDA_2025,515200,NAICS_2017_Code,515210,
CEDA_2025,517110,NAICS_2017_Code,517311,
CEDA_2025,517210,NAICS_2017_Code,517312,
CEDA_2025,517A00,NAICS_2017_Code,517410,
CEDA_2025,517A00,NAICS_2017_Code,517911,
CEDA_2025,517A00,NAICS_2017_Code,517919,
CEDA_2025,518200,NAICS_2017_Code,518210,
CEDA_2025,5191A0,NAICS_2017_Code,519110,
CEDA_2025,5191A0,NAICS_2017_Code,519120,
CEDA_2025,519130,NAICS_2017_Code,519130,
CEDA_2025,5191A0,NAICS_2017_Code,519190,
CEDA_2025,52A000,NAICS_2017_Code,521110,
CEDA_2025,52A000,NAICS_2017_Code,522110,
CEDA_2025,52A000,NAICS_2017_Code,522120,
CEDA_2025,52A000,NAICS_2017_Code,522130,
CEDA_2025,52A000,NAICS_2017_Code,522190,
CEDA_2025,522A00,NAICS_2017_Code,522210,
CEDA_2025,522A00,NAICS_2017_Code,522220,
CEDA_2025,522A00,NAICS_2017_Code,522291,
CEDA_2025,522A00,NAICS_2017_Code,522292,
CEDA_2025,522A00,NAICS_2017_Code,522293,
CEDA_2025,522A00,NAICS_2017_Code,522294,
CEDA_2025,522A00,NAICS_2017_Code,522298,
CEDA_2025,522A00,NAICS_2017_Code,522310,
CEDA_2025,522A00,NAICS_2017_Code,522320,
CEDA_2025,522A00,NAICS_2017_Code,522390,
CEDA_2025,523A00,NAICS_2017_Code,523110,
CEDA_2025,523A00,NAICS_2017_Code,523120,
CEDA_2025,523A00,NAICS_2017_Code,523130,
CEDA_2025,523A00,NAICS_2017_Code,523140,
CEDA_2025,523A00,NAICS_2017_Code,523210,
CEDA_2025,523900,NAICS_2017_Code,523910,
CEDA_2025,523900,NAICS_2017_Code,523920,
CEDA_2025,523900,NAICS_2017_Code,523930,
CEDA_2025,523900,NAICS_2017_Code,523991,
CEDA_2025,523900,NAICS_2017_Code,523999,
CEDA_2025,524113,NAICS_2017_Code,524113,
CEDA_2025,5241XX,NAICS_2017_Code,524114,
CEDA_2025,5241XX,NAICS_2017_Code,524126,
CEDA_2025,5241XX,NAICS_2017_Code,524127,
CEDA_2025,5241XX,NAICS_2017_Code,524128,
CEDA_2025,5241XX,NAICS_2017_Code,524130,
CEDA_2025,524200,NAICS_2017_Code,524210,
CEDA_2025,524200,NAICS_2017_Code,524291,
CEDA_2025,524200,NAICS_2017_Code,524292,
CEDA_2025,524200,NAICS_2017_Code,524298,
CEDA_2025,525000,NAICS_2017_Code,525110,
CEDA_2025,525000,NAICS_2017_Code,525120,
CEDA_2025,525000,NAICS_2017_Code,525190,
CEDA_2025,525000,NAICS_2017_Code,525910,
CEDA_2025,525000,NAICS_2017_Code,525920,
CEDA_2025,525000,NAICS_2017_Code,525990,
CEDA_2025,531HSO,NAICS_2017_Code,531110,
CEDA_2025,531HST,NAICS_2017_Code,531110,
CEDA_2025,531ORE,NAICS_2017_Code,531120,
CEDA_2025,531ORE,NAICS_2017_Code,531130,
CEDA_2025,531ORE,NAICS_2017_Code,531190,
CEDA_2025,531ORE,NAICS_2017_Code,531210,
CEDA_2025,531ORE,NAICS_2017_Code,531311,
CEDA_2025,531ORE,NAICS_2017_Code,531312,
CEDA_2025,531ORE,NAICS_2017_Code,531320,
CEDA_2025,531ORE,NAICS_2017_Code,531390,
CEDA_2025,532100,NAICS_2017_Code,532111,
CEDA_2025,532100,NAICS_2017_Code,532112,
CEDA_2025,532100,NAICS_2017_Code,532120,
CEDA_2025,532A00,NAICS_2017_Code,532210,
CEDA_2025,532A00,NAICS_2017_Code,532281,
CEDA_2025,532A00,NAICS_2017_Code,532282,
CEDA_2025,532A00,NAICS_2017_Code,532283,
CEDA_2025,532A00,NAICS_2017_Code,532284,
CEDA_2025,532A00,NAICS_2017_Code,532289,
CEDA_2025,532A00,NAICS_2017_Code,532310,
CEDA_2025,532400,NAICS_2017_Code,532411,
CEDA_2025,532400,NAICS_2017_Code,532412,
CEDA_2025,532400,NAICS_2017_Code,532420,
CEDA_2025,532400,NAICS_2017_Code,532490,
CEDA_2025,533000,NAICS_2017_Code,533110,
CEDA_2025,541100,NAICS_2017_Code,541110,
CEDA_2025,541100,NAICS_2017_Code,541120,
CEDA_2025,541100,NAICS_2017_Code,541191,
CEDA_2025,541100,NAICS_2017_Code,541199,
CEDA_2025,541200,NAICS_2017_Code,541211,
CEDA_2025,541200,NAICS_2017_Code,541213,
CEDA_2025,541200,NAICS_2017_Code,541214,
CEDA_2025,541200,NAICS_2017_Code,541219,
CEDA_2025,541300,NAICS_2017_Code,541310,
CEDA_2025,541300,NAICS_2017_Code,541320,
CEDA_2025,541300,NAICS_2017_Code,541330,
CEDA_2025,541300,NAICS_2017_Code,541340,
CEDA_2025,541300,NAICS_2017_Code,541350,
CEDA_2025,541300,NAICS_2017_Code,541360,
CEDA_2025,541300,NAICS_2017_Code,541370,
CEDA_2025,541300,NAICS_2017_Code,541380,
CEDA_2025,541400,NAICS_2017_Code,541410,
CEDA_2025,541400,NAICS_2017_Code,541420,
CEDA_2025,541400,NAICS_2017_Code,541430,
CEDA_2025,541400,NAICS_2017_Code,541490,
CEDA_2025,541511,NAICS_2017_Code,541511,
CEDA_2025,541512,NAICS_2017_Code,541512,
CEDA_2025,54151A,NAICS_2017_Code,541513,
CEDA_2025,54151A,NAICS_2017_Code,541519,
CEDA_2025,541610,NAICS_2017_Code,541611,
CEDA_2025,541610,NAICS_2017_Code,541612,
CEDA_2025,541610,NAICS_2017_Code,541613,
CEDA_2025,541610,NAICS_2017_Code,541614,
CEDA_2025,541610,NAICS_2017_Code,541618,
CEDA_2025,5416A0,NAICS_2017_Code,541620,
CEDA_2025,5416A0,NAICS_2017_Code,541690,
CEDA_2025,541700,NAICS_2017_Code,541713,
CEDA_2025,541700,NAICS_2017_Code,541714,
CEDA_2025,541700,NAICS_2017_Code,541715,
CEDA_2025,541700,NAICS_2017_Code,541720,
CEDA_2025,541800,NAICS_2017_Code,541810,
CEDA_2025,541800,NAICS_2017_Code,541820,
CEDA_2025,541800,NAICS_2017_Code,541830,
CEDA_2025,541800,NAICS_2017_Code,541840,
CEDA_2025,541800,NAICS_2017_Code,541850,
CEDA_2025,541800,NAICS_2017_Code,541860,
CEDA_2025,541800,NAICS_2017_Code,541870,
CEDA_2025,541800,NAICS_2017_Code,541890,
CEDA_2025,5419A0,NAICS_2017_Code,541910,
CEDA_2025,541920,NAICS_2017_Code,541921,
CEDA_2025,541920,NAICS_2017_Code,541922,
CEDA_2025,5419A0,NAICS_2017_Code,541930,
CEDA_2025,541940,NAICS_2017_Code,541940,
CEDA_2025,5419A0,NAICS_2017_Code,541990,
CEDA_2025,550000,NAICS_2017_Code,551111,
CEDA_2025,550000,NAICS_2017_Code,551112,
CEDA_2025,550000,NAICS_2017_Code,551114,
CEDA_2025,561100,NAICS_2017_Code,561110,
CEDA_2025,561200,NAICS_2017_Code,561210,
CEDA_2025,561300,NAICS_2017_Code,561311,
CEDA_2025,561300,NAICS_2017_Code,561312,
CEDA_2025,561300,NAICS_2017_Code,561320,
CEDA_2025,561300,NAICS_2017_Code,561330,
CEDA_2025,561400,NAICS_2017_Code,561410,
CEDA_2025,561400,NAICS_2017_Code,561421,
CEDA_2025,561400,NAICS_2017_Code,561422,
CEDA_2025,561400,NAICS_2017_Code,561431,
CEDA_2025,561400,NAICS_2017_Code,561439,
CEDA_2025,561400,NAICS_2017_Code,561440,
CEDA_2025,561400,NAICS_2017_Code,561450,
CEDA_2025,561400,NAICS_2017_Code,561491,
CEDA_2025,561400,NAICS_2017_Code,561492,
CEDA_2025,561400,NAICS_2017_Code,561499,
CEDA_2025,561500,NAICS_2017_Code,561510,
CEDA_2025,561500,NAICS_2017_Code,561520,
CEDA_2025,561500,NAICS_2017_Code,561591,
CEDA_2025,561500,NAICS_2017_Code,561599,
CEDA_2025,561600,NAICS_2017_Code,561611,
CEDA_2025,561600,NAICS_2017_Code,561612,
CEDA_2025,561600,NAICS_2017_Code,561613,
CEDA_2025,561600,NAICS_2017_Code,561621,
CEDA_2025,561600,NAICS_2017_Code,561622,
CEDA_2025,561700,NAICS_2017_Code,561710,
CEDA_2025,561700,NAICS_2017_Code,561720,
CEDA_2025,561700,NAICS_2017_Code,561730,
CEDA_2025,561700,NAICS_2017_Code,561740,
CEDA_2025,561700,NAICS_2017_Code,561790,
CEDA_2025,561900,NAICS_2017_Code,561910,
CEDA_2025,561900,NAICS_2017_Code,561920,
CEDA_2025,561900,NAICS_2017_Code,561990,
CEDA_2025,562000,NAICS_2017_Code,562111,
CEDA_2025,562000,NAICS_2017_Code,562112,
CEDA_2025,562000,NAICS_2017_Code,562119,
CEDA_2025,562000,NAICS_2017_Code,562211,
CEDA_2025,562000,NAICS_2017_Code,562212,
CEDA_2025,562000,NAICS_2017_Code,562213,
CEDA_2025,562000,NAICS_2017_Code,562219,
CEDA_2025,562000,NAICS_2017_Code,562910,
CEDA_2025,562000,NAICS_2017_Code,562920,
CEDA_2025,562000,NAICS_2017_Code,562991,
CEDA_2025,562000,NAICS_2017_Code,562998,
CEDA_2025,611100,NAICS_2017_Code,611110,
CEDA_2025,611A00,NAICS_2017_Code,611210,
CEDA_2025,611A00,NAICS_2017_Code,611310,
CEDA_2025,611B00,NAICS_2017_Code,611410,
CEDA_2025,611B00,NAICS_2017_Code,611420,
CEDA_2025,611B00,NAICS_2017_Code,611430,
CEDA_2025,611B00,NAICS_2017_Code,611511,
CEDA_2025,611B00,NAICS_2017_Code,611512,
CEDA_2025,611B00,NAICS_2017_Code,611513,
CEDA_2025,611B00,NAICS_2017_Code,611519,
CEDA_2025,611B00,NAICS_2017_Code,611610,
CEDA_2025,611B00,NAICS_2017_Code,611620,
CEDA_2025,611B00,NAICS_2017_Code,611630,
CEDA_2025,611B00,NAICS_2017_Code,611691,
CEDA_2025,611B00,NAICS_2017_Code,611692,
CEDA_2025,611B00,NAICS_2017_Code,611699,
CEDA_2025,611B00,NAICS_2017_Code,611710,
CEDA_2025,621100,NAICS_2017_Code,621111,
CEDA_2025,621100,NAICS_2017_Code,621112,
CEDA_2025,621200,NAICS_2017_Code,621210,
CEDA_2025,621300,NAICS_2017_Code,621310,
CEDA_2025,621300,NAICS_2017_Code,621320,
CEDA_2025,621300,NAICS_2017_Code,621330,
CEDA_2025,621300,NAICS_2017_Code,621340,
CEDA_2025,621300,NAICS_2017_Code,621391,
CEDA_2025,621300,NAICS_2017_Code,621399,
CEDA_2025,621400,NAICS_2017_Code,621410,
CEDA_2025,621400,NAICS_2017_Code,621420,
CEDA_2025,621400,NAICS_2017_Code,621491,
CEDA_2025,621400,NAICS_2017_Code,621492,
CEDA_2025,621400,NAICS_2017_Code,621493,
CEDA_2025,621400,NAICS_2017_Code,621498,
CEDA_2025,621500,NAICS_2017_Code,621511,
CEDA_2025,621500,NAICS_2017_Code,621512,
CEDA_2025,621600,NAICS_2017_Code,621610,
CEDA_2025,621900,NAICS_2017_Code,621910,
CEDA_2025,621900,NAICS_2017_Code,621991,
CEDA_2025,621900,NAICS_2017_Code,621999,
CEDA_2025,622000,NAICS_2017_Code,622110,
CEDA_2025,622000,NAICS_2017_Code,622210,
CEDA_2025,622000,NAICS_2017_Code,622310,
CEDA_2025,623A00,NAICS_2017_Code,623110,
CEDA_2025,623B00,NAICS_2017_Code,623210,
CEDA_2025,623B00,NAICS_2017_Code,623220,
CEDA_2025,623A00,NAICS_2017_Code,623311,
CEDA_2025,623A00,NAICS_2017_Code,623312,
CEDA_2025,623B00,NAICS_2017_Code,623990,
CEDA_2025,624100,NAICS_2017_Code,624110,
CEDA_2025,624100,NAICS_2017_Code,624120,
CEDA_2025,624100,NAICS_2017_Code,624190,
CEDA_2025,624A00,NAICS_2017_Code,624210,
CEDA_2025,624A00,NAICS_2017_Code,624221,
CEDA_2025,624A00,NAICS_2017_Code,624229,
CEDA_2025,624A00,NAICS_2017_Code,624230,
CEDA_2025,624A00,NAICS_2017_Code,624310,
CEDA_2025,624400,NAICS_2017_Code,624410,
CEDA_2025,711100,NAICS_2017_Code,711110,
CEDA_2025,711100,NAICS_2017_Code,711120,
CEDA_2025,711100,NAICS_2017_Code,711130,
CEDA_2025,711100,NAICS_2017_Code,711190,
CEDA_2025,711200,NAICS_2017_Code,711211,
CEDA_2025,711200,NAICS_2017_Code,711212,
CEDA_2025,711200,NAICS_2017_Code,711219,
CEDA_2025,711A00,NAICS_2017_Code,711310,
CEDA_2025,711A00,NAICS_2017_Code,711320,
CEDA_2025,711A00,NAICS_2017_Code,711410,
CEDA_2025,711500,NAICS_2017_Code,711510,
CEDA_2025,712000,NAICS_2017_Code,712110,
CEDA_2025,712000,NAICS_2017_Code,712120,
CEDA_2025,712000,NAICS_2017_Code,712130,
CEDA_2025,712000,NAICS_2017_Code,712190,
CEDA_2025,713100,NAICS_2017_Code,713110,
CEDA_2025,713100,NAICS_2017_Code,713120,
CEDA_2025,713200,NAICS_2017_Code,713210,
CEDA_2025,713200,NAICS_2017_Code,713290,
CEDA_2025,713900,NAICS_2017_Code,713910,
CEDA_2025,713900,NAICS_2017_Code,713920,
CEDA_2025,713900,NAICS_2017_Code,713930,
CEDA_2025,713900,NAICS_2017_Code,713940,
CEDA_2025,713900,NAICS_2017_Code,713950,
CEDA_2025,713900,NAICS_2017_Code,713990,
CEDA_2025,721000,NAICS_2017_Code,721110,
CEDA_2025,721000,NAICS_2017_Code,721120,
CEDA_2025,721000,NAICS_2017_Code,721191,
CEDA_2025,721000,NAICS_2017_Code,721199,
CEDA_2025,721000,NAICS_2017_Code,721211,
CEDA_2025,721000,NAICS_2017_Code,721214,
CEDA_2025,721000,NAICS_2017_Code,721310,
CEDA_2025,722A00,NAICS_2017_Code,722310,
CEDA_2025,722A00,NAICS_2017_Code,722320,
CEDA_2025,722A00,NAICS_2017_Code,722330,
CEDA_2025,722A00,NAICS_2017_Code,722410,
CEDA_2025,722110,NAICS_2017_Code,722511,
CEDA_2025,722211,NAICS_2017_Code,722513,
CEDA_2025,722A00,NAICS_2017_Code,722514,
CEDA_2025,722A00,NAICS_2017_Code,722515,
CEDA_2025,811100,NAICS_2017_Code,811111,
CEDA_2025,811100,NAICS_2017_Code,811112,
CEDA_2025,811100,NAICS_2017_Code,811113,
CEDA_2025,811100,NAICS_2017_Code,811118,
CEDA_2025,811100,NAICS_2017_Code,811121,
CEDA_2025,811100,NAICS_2017_Code,811122,
CEDA_2025,811100,NAICS_2017_Code,811191,
CEDA_2025,811100,NAICS_2017_Code,811192,
CEDA_2025,811100,NAICS_2017_Code,811198,
CEDA_2025,811200,NAICS_2017_Code,811211,
CEDA_2025,811200,NAICS_2017_Code,811212,
CEDA_2025,811200,NAICS_2017_Code,811213,
CEDA_2025,811200,NAICS_2017_Code,811219,
CEDA_2025,811300,NAICS_2017_Code,811310,
CEDA_2025,811400,NAICS_2017_Code,811411,
CEDA_2025,811400,NAICS_2017_Code,811412,
CEDA_2025,811400,NAICS_2017_Code,811420,
CEDA_2025,811400,NAICS_2017_Code,811430,
CEDA_2025,811400,NAICS_2017_Code,811490,
CEDA_2025,812100,NAICS_2017_Code,812111,
CEDA_2025,812100,NAICS_2017_Code,812112,
CEDA_2025,812100,NAICS_2017_Code,812113,
CEDA_2025,812100,NAICS_2017_Code,812191,
CEDA_2025,812100,NAICS_2017_Code,812199,
CEDA_2025,812200,NAICS_2017_Code,812210,
CEDA_2025,812200,NAICS_2017_Code,812220,
CEDA_2025,812300,NAICS_2017_Code,812310,
CEDA_2025,812300,NAICS_2017_Code,812320,
CEDA_2025,812300,NAICS_2017_Code,812331,
CEDA_2025,812300,NAICS_2017_Code,812332,
CEDA_2025,812900,NAICS_2017_Code,812910,
CEDA_2025,812900,NAICS_2017_Code,812921,
CEDA_2025,812900,NAICS_2017_Code,812922,
CEDA_2025,812900,NAICS_2017_Code,812930,
CEDA_2025,812900,NAICS_2017_Code,812990,
CEDA_2025,813100,NAICS_2017_Code,813110,
CEDA_2025,813A00,NAICS_2017_Code,813211,
CEDA_2025,813A00,NAICS_2017_Code,813212,
CEDA_2025,813A00,NAICS_2017_Code,813219,
CEDA_2025,813A00,NAICS_2017_Code,813311,
CEDA_2025,813A00,NAICS_2017_Code,813312,
CEDA_2025,813A00,NAICS_2017_Code,813319,
CEDA_2025,813B00,NAICS_2017_Code,813410,
CEDA_2025,813B00,NAICS_2017_Code,813910,
CEDA_2025,813B00,NAICS_2017_Code,813920,
CEDA_2025,813B00,NAICS_2017_Code,813930,
CEDA_2025,813B00,NAICS_2017_Code,813940,
CEDA_2025,813B00,NAICS_2017_Code,813990,
CEDA_2025,814000,NAICS_2017_Code,814110,
CEDA_2025,GSLGO,NAICS_2017_Code,921110,
CEDA_2025,S00600,NAICS_2017_Code,921110,
CEDA_2025,GSLGO,NAICS_2017_Code,921120,
CEDA_2025,S00600,NAICS_2017_Code,921120,
CEDA_2025,GSLGO,NAICS_2017_Code,921130,
CEDA_2025,S00600,NAICS_2017_Code,921130,
CEDA_2025,GSLGO,NAICS_2017_Code,921140,
CEDA_2025,S00600,NAICS_2017_Code,921140,
CEDA_2025,GSLGO,NAICS_2017_Code,921150,
CEDA_2025,GSLGO,NAICS_2017_Code,921190,
CEDA_2025,S00600,NAICS_2017_Code,921190,
CEDA_2025,GSLGO,NAICS_2017_Code,922110,
CEDA_2025,S00600,NAICS_2017_Code,922110,
CEDA_2025,GSLGO,NAICS_2017_Code,922120,
CEDA_2025,S00102,NAICS_2017_Code,922120,
CEDA_2025,S00203,NAICS_2017_Code,922120,
CEDA_2025,S00600,NAICS_2017_Code,922120,
CEDA_2025,GSLGO,NAICS_2017_Code,922130,
CEDA_2025,S00600,NAICS_2017_Code,922130,
CEDA_2025,GSLGO,NAICS_2017_Code,922140,
CEDA_2025,S00102,NAICS_2017_Code,922140,
CEDA_2025,S00203,NAICS_2017_Code,922140,
CEDA_2025,S00600,NAICS_2017_Code,922140,
CEDA_2025,GSLGO,NAICS_2017_Code,922150,
CEDA_2025,S00600,NAICS_2017_Code,922150,
CEDA_2025,GSLGO,NAICS_2017_Code,922160,
CEDA_2025,S00203,NAICS_2017_Code,922160,
CEDA_2025,S00600,NAICS_2017_Code,922160,
CEDA_2025,GSLGO,NAICS_2017_Code,922190,
CEDA_2025,S00600,NAICS_2017_Code,922190,
CEDA_2025,GSLGE,NAICS_2017_Code,923110,
CEDA_2025,S00600,NAICS_2017_Code,923110,
CEDA_2025,GSLGH,NAICS_2017_Code,923120,
CEDA_2025,S00600,NAICS_2017_Code,923120,
CEDA_2025,GSLGO,NAICS_2017_Code,923130,
CEDA_2025,S00600,NAICS_2017_Code,923130,
CEDA_2025,S00600,NAICS_2017_Code,923140,
CEDA_2025,GSLGO,NAICS_2017_Code,924110,
CEDA_2025,S00600,NAICS_2017_Code,924110,
CEDA_2025,GSLGO,NAICS_2017_Code,924120,
CEDA_2025,S00600,NAICS_2017_Code,924120,
CEDA_2025,GSLGO,NAICS_2017_Code,925110,
CEDA_2025,S00600,NAICS_2017_Code,925110,
CEDA_2025,GSLGO,NAICS_2017_Code,925120,
CEDA_2025,S00600,NAICS_2017_Code,925120,
CEDA_2025,GSLGO,NAICS_2017_Code,926110,
CEDA_2025,S00600,NAICS_2017_Code,926110,
CEDA_2025,GSLGO,NAICS_2017_Code,926120,
CEDA_2025,S00600,NAICS_2017_Code,926120,
CEDA_2025,GSLGO,NAICS_2017_Code,926130,
CEDA_2025,S00600,NAICS_2017_Code,926130,
CEDA_2025,GSLGO,NAICS_2017_Code,926140,
CEDA_2025,S00600,NAICS_2017_Code,926140,
CEDA_2025,GSLGO,NAICS_2017_Code,926150,
CEDA_2025,S00600,NAICS_2017_Code,926150,
CEDA_2025,S00102,NAICS_2017_Code,927110,
CEDA_2025,S00500,NAICS_2017_Code,928110,
CEDA_2025,S00600,NAICS_2017_Code,928120,
CEDA_2025,F01000,NAICS_2017_Code,F01000,
CEDA_2025,S00101,NAICS_2017_Code,S00101,
CEDA_2025,S00201,NAICS_2017_Code,S00201,
CEDA_2025,S00202,NAICS_2017_Code,S00202,
