ActivitySourceName,Activity,SectorSourceName,Sector,SectorType,Notes
BTS_VIUS,Accommodation or Food Services (for Immediate Consumption),NAICS_2017_Code,72,,
BTS_VIUS,Agriculture (Crop and Animal Production),NAICS_2017_Code,111,,
BTS_VIUS,Agriculture (Crop and Animal Production),NAICS_2017_Code,112,,
BTS_VIUS,"Arts, Entertainment, or Recreation Services",NAICS_2017_Code,71,,
BTS_VIUS,Construction--Non-residential,NAICS_2017_Code,2362,,
BTS_VIUS,Construction--Residential,NAICS_2017_Code,2361,,
BTS_VIUS,"Fishing, Hunting, Trapping",NAICS_2017_Code,114,,
BTS_VIUS,Forestry and Logging,NAICS_2017_Code,113,,
BTS_VIUS,For-hire Transportation (of Goods or People),NAICS_2017_Code,484,,
BTS_VIUS,For-hire Transportation (of Goods or People),NAICS_2017_Code,485,,
BTS_VIUS,Fuel Wholesale or Distribution,NAICS_2017_Code,4247,,
BTS_VIUS,Information Services (includes Telephone and Television),NAICS_2017_Code,51,,
BTS_VIUS,Landscaping,NAICS_2017_Code,56173,,
BTS_VIUS,Manufacturing,NAICS_2017_Code,31,,
BTS_VIUS,Manufacturing,NAICS_2017_Code,32,,
BTS_VIUS,Manufacturing,NAICS_2017_Code,33,,
BTS_VIUS,"Mining (includes Quarrying, Well Operations, and Beneficiating)",NAICS_2017_Code,21,,
BTS_VIUS,Not reported,NAICS_2017_Code,,,
BTS_VIUS,Other Administrative and Support and Waste Management and Remediation Services,NAICS_2017_Code,5611,,
BTS_VIUS,Other Administrative and Support and Waste Management and Remediation Services,NAICS_2017_Code,5612,,
BTS_VIUS,Other Administrative and Support and Waste Management and Remediation Services,NAICS_2017_Code,5613,,
BTS_VIUS,Other Administrative and Support and Waste Management and Remediation Services,NAICS_2017_Code,5614,,
BTS_VIUS,Other Administrative and Support and Waste Management and Remediation Services,NAICS_2017_Code,5615,,
BTS_VIUS,Other Administrative and Support and Waste Management and Remediation Services,NAICS_2017_Code,5616,,
BTS_VIUS,Other Administrative and Support and Waste Management and Remediation Services,NAICS_2017_Code,56171,,
BTS_VIUS,Other Administrative and Support and Waste Management and Remediation Services,NAICS_2017_Code,56172,,
BTS_VIUS,Other Administrative and Support and Waste Management and Remediation Services,NAICS_2017_Code,56174,,
BTS_VIUS,Other Administrative and Support and Waste Management and Remediation Services,NAICS_2017_Code,56179,,
BTS_VIUS,Other Administrative and Support and Waste Management and Remediation Services,NAICS_2017_Code,5619,,
BTS_VIUS,"Other Agriculture, Forestry, Fishing, and Hunting",NAICS_2017_Code,115,,
BTS_VIUS,Other Business Type,NAICS_2017_Code,52,,
BTS_VIUS,Other Business Type,NAICS_2017_Code,55,,
BTS_VIUS,Other Construction,NAICS_2017_Code,237,,
BTS_VIUS,Other Construction,NAICS_2017_Code,238,,
BTS_VIUS,"Other Services, including Advertising, Real Estate, Nonvehicle Leasing or Rental, etc.",NAICS_2017_Code,531,,
BTS_VIUS,"Other Services, including Advertising, Real Estate, Nonvehicle Leasing or Rental, etc.",NAICS_2017_Code,5322,,
BTS_VIUS,"Other Services, including Advertising, Real Estate, Nonvehicle Leasing or Rental, etc.",NAICS_2017_Code,5323,,
BTS_VIUS,"Other Services, including Advertising, Real Estate, Nonvehicle Leasing or Rental, etc.",NAICS_2017_Code,5324,,
BTS_VIUS,"Other Services, including Advertising, Real Estate, Nonvehicle Leasing or Rental, etc.",NAICS_2017_Code,533,,
BTS_VIUS,"Other Services, including Advertising, Real Estate, Nonvehicle Leasing or Rental, etc.",NAICS_2017_Code,54,,
BTS_VIUS,"Other Services, including Advertising, Real Estate, Nonvehicle Leasing or Rental, etc.",NAICS_2017_Code,61,,
BTS_VIUS,"Other Services, including Advertising, Real Estate, Nonvehicle Leasing or Rental, etc.",NAICS_2017_Code,62,,
BTS_VIUS,"Other Services, including Advertising, Real Estate, Nonvehicle Leasing or Rental, etc.",NAICS_2017_Code,81,,
BTS_VIUS,Other Transportation and Warehousing,NAICS_2017_Code,484,,
BTS_VIUS,Other Transportation and Warehousing,NAICS_2017_Code,485,,
BTS_VIUS,Other Transportation and Warehousing,NAICS_2017_Code,491,,
BTS_VIUS,Other Transportation and Warehousing,NAICS_2017_Code,492,,
BTS_VIUS,Retail Trade,NAICS_2017_Code,44,,
BTS_VIUS,Retail Trade,NAICS_2017_Code,45,,
BTS_VIUS,"Utilities (includes Electric Power, Natural Gas, Steam Supply, Water Supply, and Sewage Removal)",NAICS_2017_Code,22,,
BTS_VIUS,Vehicle Leasing or Rental,NAICS_2017_Code,5321,,
BTS_VIUS,Warehousing and Storage,NAICS_2017_Code,493,,
BTS_VIUS,Waste Management and Remediation,NAICS_2017_Code,562,,
BTS_VIUS,Wholesale Trade,NAICS_2017_Code,423,,
BTS_VIUS,Wholesale Trade,NAICS_2017_Code,4241,,
BTS_VIUS,Wholesale Trade,NAICS_2017_Code,4242,,
BTS_VIUS,Wholesale Trade,NAICS_2017_Code,4243,,
BTS_VIUS,Wholesale Trade,NAICS_2017_Code,4244,,
BTS_VIUS,Wholesale Trade,NAICS_2017_Code,4245,,
BTS_VIUS,Wholesale Trade,NAICS_2017_Code,4246,,
BTS_VIUS,Wholesale Trade,NAICS_2017_Code,4248,,
BTS_VIUS,Wholesale Trade,NAICS_2017_Code,4249,,
BTS_VIUS,Wholesale Trade,NAICS_2017_Code,425,,
BTS_VIUS,"All Vehicles Excluding Pickups, Minivans, Other Light Vans, and Sport Utility Vehicles",NAICS_2017_Code,11,,
BTS_VIUS,"All Vehicles Excluding Pickups, Minivans, Other Light Vans, and Sport Utility Vehicles",NAICS_2017_Code,21,,
BTS_VIUS,"All Vehicles Excluding Pickups, Minivans, Other Light Vans, and Sport Utility Vehicles",NAICS_2017_Code,22,,
BTS_VIUS,"All Vehicles Excluding Pickups, Minivans, Other Light Vans, and Sport Utility Vehicles",NAICS_2017_Code,23,,
BTS_VIUS,"All Vehicles Excluding Pickups, Minivans, Other Light Vans, and Sport Utility Vehicles",NAICS_2017_Code,31,,
BTS_VIUS,"All Vehicles Excluding Pickups, Minivans, Other Light Vans, and Sport Utility Vehicles",NAICS_2017_Code,32,,
BTS_VIUS,"All Vehicles Excluding Pickups, Minivans, Other Light Vans, and Sport Utility Vehicles",NAICS_2017_Code,33,,
BTS_VIUS,"All Vehicles Excluding Pickups, Minivans, Other Light Vans, and Sport Utility Vehicles",NAICS_2017_Code,42,,
BTS_VIUS,"All Vehicles Excluding Pickups, Minivans, Other Light Vans, and Sport Utility Vehicles",NAICS_2017_Code,44,,
BTS_VIUS,"All Vehicles Excluding Pickups, Minivans, Other Light Vans, and Sport Utility Vehicles",NAICS_2017_Code,45,,
BTS_VIUS,"All Vehicles Excluding Pickups, Minivans, Other Light Vans, and Sport Utility Vehicles",NAICS_2017_Code,48,,
BTS_VIUS,"All Vehicles Excluding Pickups, Minivans, Other Light Vans, and Sport Utility Vehicles",NAICS_2017_Code,49,,
BTS_VIUS,"All Vehicles Excluding Pickups, Minivans, Other Light Vans, and Sport Utility Vehicles",NAICS_2017_Code,51,,
BTS_VIUS,"All Vehicles Excluding Pickups, Minivans, Other Light Vans, and Sport Utility Vehicles",NAICS_2017_Code,52,,
BTS_VIUS,"All Vehicles Excluding Pickups, Minivans, Other Light Vans, and Sport Utility Vehicles",NAICS_2017_Code,53,,
BTS_VIUS,"All Vehicles Excluding Pickups, Minivans, Other Light Vans, and Sport Utility Vehicles",NAICS_2017_Code,54,,
BTS_VIUS,"All Vehicles Excluding Pickups, Minivans, Other Light Vans, and Sport Utility Vehicles",NAICS_2017_Code,55,,
BTS_VIUS,"All Vehicles Excluding Pickups, Minivans, Other Light Vans, and Sport Utility Vehicles",NAICS_2017_Code,56,,
BTS_VIUS,"All Vehicles Excluding Pickups, Minivans, Other Light Vans, and Sport Utility Vehicles",NAICS_2017_Code,61,,
BTS_VIUS,"All Vehicles Excluding Pickups, Minivans, Other Light Vans, and Sport Utility Vehicles",NAICS_2017_Code,62,,
BTS_VIUS,"All Vehicles Excluding Pickups, Minivans, Other Light Vans, and Sport Utility Vehicles",NAICS_2017_Code,71,,
BTS_VIUS,"All Vehicles Excluding Pickups, Minivans, Other Light Vans, and Sport Utility Vehicles",NAICS_2017_Code,72,,
BTS_VIUS,"All Vehicles Excluding Pickups, Minivans, Other Light Vans, and Sport Utility Vehicles",NAICS_2017_Code,81,,
BTS_VIUS,"Pickups, Minivans, Other Light Vans, and Sport Utility Vehicles",NAICS_2017_Code,11,,
BTS_VIUS,"Pickups, Minivans, Other Light Vans, and Sport Utility Vehicles",NAICS_2017_Code,21,,
BTS_VIUS,"Pickups, Minivans, Other Light Vans, and Sport Utility Vehicles",NAICS_2017_Code,22,,
BTS_VIUS,"Pickups, Minivans, Other Light Vans, and Sport Utility Vehicles",NAICS_2017_Code,23,,
BTS_VIUS,"Pickups, Minivans, Other Light Vans, and Sport Utility Vehicles",NAICS_2017_Code,31,,
BTS_VIUS,"Pickups, Minivans, Other Light Vans, and Sport Utility Vehicles",NAICS_2017_Code,32,,
BTS_VIUS,"Pickups, Minivans, Other Light Vans, and Sport Utility Vehicles",NAICS_2017_Code,33,,
BTS_VIUS,"Pickups, Minivans, Other Light Vans, and Sport Utility Vehicles",NAICS_2017_Code,42,,
BTS_VIUS,"Pickups, Minivans, Other Light Vans, and Sport Utility Vehicles",NAICS_2017_Code,44,,
BTS_VIUS,"Pickups, Minivans, Other Light Vans, and Sport Utility Vehicles",NAICS_2017_Code,45,,
BTS_VIUS,"Pickups, Minivans, Other Light Vans, and Sport Utility Vehicles",NAICS_2017_Code,48,,
BTS_VIUS,"Pickups, Minivans, Other Light Vans, and Sport Utility Vehicles",NAICS_2017_Code,49,,
BTS_VIUS,"Pickups, Minivans, Other Light Vans, and Sport Utility Vehicles",NAICS_2017_Code,51,,
BTS_VIUS,"Pickups, Minivans, Other Light Vans, and Sport Utility Vehicles",NAICS_2017_Code,52,,
BTS_VIUS,"Pickups, Minivans, Other Light Vans, and Sport Utility Vehicles",NAICS_2017_Code,53,,
BTS_VIUS,"Pickups, Minivans, Other Light Vans, and Sport Utility Vehicles",NAICS_2017_Code,54,,
BTS_VIUS,"Pickups, Minivans, Other Light Vans, and Sport Utility Vehicles",NAICS_2017_Code,55,,
BTS_VIUS,"Pickups, Minivans, Other Light Vans, and Sport Utility Vehicles",NAICS_2017_Code,56,,
BTS_VIUS,"Pickups, Minivans, Other Light Vans, and Sport Utility Vehicles",NAICS_2017_Code,61,,
BTS_VIUS,"Pickups, Minivans, Other Light Vans, and Sport Utility Vehicles",NAICS_2017_Code,62,,
BTS_VIUS,"Pickups, Minivans, Other Light Vans, and Sport Utility Vehicles",NAICS_2017_Code,71,,
BTS_VIUS,"Pickups, Minivans, Other Light Vans, and Sport Utility Vehicles",NAICS_2017_Code,72,,
BTS_VIUS,"Pickups, Minivans, Other Light Vans, and Sport Utility Vehicles",NAICS_2017_Code,81,,
BTS_VIUS,Any Body Type,NAICS_2017_Code,11,,
BTS_VIUS,Any Body Type,NAICS_2017_Code,21,,
BTS_VIUS,Any Body Type,NAICS_2017_Code,22,,
BTS_VIUS,Any Body Type,NAICS_2017_Code,23,,
BTS_VIUS,Any Body Type,NAICS_2017_Code,31,,
BTS_VIUS,Any Body Type,NAICS_2017_Code,32,,
BTS_VIUS,Any Body Type,NAICS_2017_Code,33,,
BTS_VIUS,Any Body Type,NAICS_2017_Code,42,,
BTS_VIUS,Any Body Type,NAICS_2017_Code,44,,
BTS_VIUS,Any Body Type,NAICS_2017_Code,45,,
BTS_VIUS,Any Body Type,NAICS_2017_Code,48,,
BTS_VIUS,Any Body Type,NAICS_2017_Code,49,,
BTS_VIUS,Any Body Type,NAICS_2017_Code,51,,
BTS_VIUS,Any Body Type,NAICS_2017_Code,52,,
BTS_VIUS,Any Body Type,NAICS_2017_Code,53,,
BTS_VIUS,Any Body Type,NAICS_2017_Code,54,,
BTS_VIUS,Any Body Type,NAICS_2017_Code,55,,
BTS_VIUS,Any Body Type,NAICS_2017_Code,56,,
BTS_VIUS,Any Body Type,NAICS_2017_Code,61,,
BTS_VIUS,Any Body Type,NAICS_2017_Code,62,,
BTS_VIUS,Any Body Type,NAICS_2017_Code,71,,
BTS_VIUS,Any Body Type,NAICS_2017_Code,72,,
BTS_VIUS,Any Body Type,NAICS_2017_Code,81,,
BTS_VIUS,Some Commercial Use,NAICS_2017_Code,11,,
BTS_VIUS,Some Commercial Use,NAICS_2017_Code,21,,
BTS_VIUS,Some Commercial Use,NAICS_2017_Code,22,,
BTS_VIUS,Some Commercial Use,NAICS_2017_Code,23,,
BTS_VIUS,Some Commercial Use,NAICS_2017_Code,31,,
BTS_VIUS,Some Commercial Use,NAICS_2017_Code,32,,
BTS_VIUS,Some Commercial Use,NAICS_2017_Code,33,,
BTS_VIUS,Some Commercial Use,NAICS_2017_Code,42,,
BTS_VIUS,Some Commercial Use,NAICS_2017_Code,44,,
BTS_VIUS,Some Commercial Use,NAICS_2017_Code,45,,
BTS_VIUS,Some Commercial Use,NAICS_2017_Code,48,,
BTS_VIUS,Some Commercial Use,NAICS_2017_Code,49,,
BTS_VIUS,Some Commercial Use,NAICS_2017_Code,51,,
BTS_VIUS,Some Commercial Use,NAICS_2017_Code,52,,
BTS_VIUS,Some Commercial Use,NAICS_2017_Code,53,,
BTS_VIUS,Some Commercial Use,NAICS_2017_Code,54,,
BTS_VIUS,Some Commercial Use,NAICS_2017_Code,55,,
BTS_VIUS,Some Commercial Use,NAICS_2017_Code,56,,
BTS_VIUS,Some Commercial Use,NAICS_2017_Code,61,,
BTS_VIUS,Some Commercial Use,NAICS_2017_Code,62,,
BTS_VIUS,Some Commercial Use,NAICS_2017_Code,71,,
BTS_VIUS,Some Commercial Use,NAICS_2017_Code,72,,
BTS_VIUS,Some Commercial Use,NAICS_2017_Code,81,,
BTS_VIUS,Personal Use Only,NAICS_2017_Code,F01000,,
